to_pincode,branch_name,branch_code,cluster_code
132024,KARNAL,KRNB1,AMBT1
132039,KARNAL,KRNB1,AMBT1
132040,KARNAL,KRNB1,AMBT1
132041,KARNAL,KRNB1,AMBT1
132103,Panipat,KRNB1,AMBT1
132104,Panipat,KRNB1,AMBT1
132106,Panipat,KRNB1,AMBT1
132117,KARNAL,KRNB1,AMBT1
133104,Ambala,AMBT1,AMBT1
133203,Ambala,AMBT1,AMBT1
133302,Chandigarh,IXCB1,AMBT1
134001,Ambala,AMBT1,AMBT1
134102,Chandigarh,IXCB1,AMBT1
134118,Chandigarh,IXCB1,AMBT1
134201,Ambala,AMBT1,AMBT1
134203,Ambala,AMBT1,AMBT1
134204,Chandigarh,IXCB1,AMBT1
136038,Ambala,AMBT1,AMBT1
136118,Ambala,AMBT1,AMBT1
136128,Ambala,AMBT1,AMBT1
136129,Ambala,AMBT1,AMBT1
136130,Ambala,AMBT1,AMBT1
136131,Ambala,AMBT1,AMBT1
136132,Ambala,AMBT1,AMBT1
136156,Ambala,AMBT1,AMBT1
140001,Mohali,MHLB1,AMBT1
140101,Mohali,MHLB1,AMBT1
140103,Mohali,MHLB1,AMBT1
140108,Mohali,MHLB1,AMBT1
140110,Mohali,MHLB1,AMBT1
140113,Mohali,MHLB1,AMBT1
140401,Zirakpur,IXCB1,AMBT1
140406,Zirakpur,AMBT1,AMBT1
140417,Chandigarh,IXCB1,AMBT1
140501,Zirakpur,IXCB1,AMBT1
140506,Zirakpur,IXCB1,AMBT1
141101,Ludhiana 3 Delivery,LUHB1,AMBT1
141102,Ludhiana 3 Delivery,LUHB1,AMBT1
141106,Ludhiana 3 Delivery,LUHB1,AMBT1
141115,Ludhiana 3 Delivery,LUHB1,AMBT1
141401,LUDHIANA Delivery,LUHB1,AMBT1
141416,Ludhiana 3 Delivery,AMBT1,AMBT1
141801,Ludhiana 3 Delivery,LUHB1,AMBT1
142001,LUDHIANA Delivery,LUHB1,AMBT1
142026,Ludhiana 3 Delivery,LUHB1,AMBT1
142038,LUDHIANA Delivery,LUHB1,AMBT1
142043,Bhatinda,BUPCB1,AMBT1
142047,Bhatinda,BUPCB1,AMBT1
142055,LUDHIANA Delivery,LUHB1,AMBT1
142057,LUDHIANA Delivery,LUHB1,AMBT1
143107,Amritsar,ATQB1,AMBT1
143108,Amritsar,ATQB1,AMBT1
143109,Amritsar,ATQB1,AMBT1
143112,Amritsar,ATQB1,AMBT1
143114,Amritsar,ATQB1,AMBT1
143202,Amritsar,ATQB1,AMBT1
143205,Amritsar,ATQB1,AMBT1
143303,Amritsar,ATQB1,AMBT1
143401,Amritsar,ATQB1,AMBT1
143411,Amritsar,ATQB1,AMBT1
143416,Amritsar_Extended ODA,ATQB1,AMBT1
143422,Amritsar,ATQB1,AMBT1
143505,Amritsar,ATQB1,AMBT1
143507,Amritsar,ATQB1,AMBT1
143511,Amritsar,ATQB1,AMBT1
143513,Amritsar,ATQB1,AMBT1
143515,Amritsar_Extended ODA,ATQB1,AMBT1
143518,Amritsar,ATQB1,AMBT1
143519,Amritsar_Extended ODA,ATQB1,AMBT1
143527,Amritsar_Extended ODA,ATQB1,AMBT1
143602,Amritsar,ATQB1,AMBT1
143604,Amritsar_Extended ODA,ATQB1,AMBT1
144033,Jalandhar,JUCB1,AMBT1
144034,Jalandhar,JUCB1,AMBT1
144039,Jalandhar,JUCB1,AMBT1
144040,Jalandhar,JUCB1,AMBT1
144041,Jalandhar,JUCB1,AMBT1
144044,Jalandhar,JUCB1,AMBT1
144102,Jalandhar,JUCB1,AMBT1
144105,Jalandhar,JUCB1,AMBT1
144202,Hoshiarpur,HSXB1,AMBT1
144205,Hoshiarpur,HSXB1,AMBT1
144208,Hoshiarpur,HSXB1,AMBT1
144211,Hoshiarpur,HSXB1,AMBT1
144214,Hoshiarpur,HSXB1,AMBT1
144216,Hoshiarpur,HSXB1,AMBT1
144401,Jalandhar,JUCB1,AMBT1
144402,Jalandhar,JUCB1,AMBT1
144407,Jalandhar,JUCB1,AMBT1
144410,Jalandhar,JUCB1,AMBT1
144419,Ludhiana 3 Delivery,LUHB1,AMBT1
144504,Jalandhar,JUCB1,AMBT1
144521,Jalandhar,JUCB1,AMBT1
144522,Jalandhar,JUCB1,AMBT1
144523,Jalandhar_Extended ODA,JUCB1,AMBT1
144525,Jalandhar,JUCB1,AMBT1
144527,Hoshiarpur,HSXB1,AMBT1
144529,Hoshiarpur,HSXB1,AMBT1
144530,Hoshiarpur,HSXB1,AMBT1
144533,Mohali,MHLB1,AMBT1
144620,Jalandhar,JUCB1,AMBT1
144622,Jalandhar,JUCB1,AMBT1
144702,Jalandhar_Extended ODA,JUCB1,AMBT1
144802,Jalandhar,JUCB1,AMBT1
146107,Hoshiarpur,HSXB1,AMBT1
146110,Hoshiarpur,HSXB1,AMBT1
146111,Hoshiarpur,HSXB1,AMBT1
147101,Patiala,PTAB1,AMBT1
147105,Patiala,PTAB1,AMBT1
147201,Patiala,PTAB1,AMBT1
147301,LUDHIANA Delivery,LUHB1,AMBT1
148001,Patiala,PTAB1,AMBT1
148021,Ludhiana 3 Delivery,LUHB1,AMBT1
148024,LUDHIANA Delivery,LUHB1,AMBT1
148026,Patiala,PTAB1,AMBT1
148100,Bhatinda,BUPCB1,AMBT1
148101,Bhatinda,BUPCB1,AMBT1
151103,Bhatinda,BUPCB1,AMBT1
151203,Bhatinda,BUPCB1,AMBT1
151204,Bhatinda,BUPCB1,AMBT1
151301,Bhatinda,BUPCB1,AMBT1
151302,Bhatinda,BUPCB1,AMBT1
151501,Bhatinda,BUPCB1,AMBT1
151502,Bhatinda,BUPCB1,AMBT1
151505,Bhatinda,BUPCB1,AMBT1
151507,Bhatinda,BUPCB1,AMBT1
151509,Bhatinda,BUPCB1,AMBT1
152001,Bhatinda,BUPCB1,AMBT1
152002,Bhatinda,BUPCB1,AMBT1
152022,Bhatinda,BUPCB1,AMBT1
152023,Bhatinda,BUPCB1,AMBT1
152024,Bhatinda,BUPCB1,AMBT1
152026,Bhatinda,BUPCB1,AMBT1
152101,Bhatinda,BUPCB1,AMBT1
152107,Bhatinda,BUPCB1,AMBT1
152116,Bhatinda,BUPCB1,AMBT1
152123,Bhatinda,BUPCB1,AMBT1
152124,Bhatinda,BUPCB1,AMBT1
171008,Solan,SOLB1,AMBT1
171012,Solan,SOLB1,AMBT1
171201,Solan,SOLB1,AMBT1
171211,Solan,SOLB1,AMBT1
172001,Mandi,MDIB1,AMBT1
172002,Mandi,MDIB1,AMBT1
172201,Mandi,MDIB1,AMBT1
173027,Mandi,MDIB1,AMBT1
173204,Solan,SOLB1,AMBT1
173229,Solan,SOLB1,AMBT1
173234,Solan,SOLB1,AMBT1
174001,Mandi,MDIB1,AMBT1
174004,Mandi,MDIB1,AMBT1
174011,Una,UHLB1,AMBT1
174013,Mandi,MDIB1,AMBT1
174021,Mandi,MDIB1,AMBT1
174026,Mandi,MDIB1,AMBT1
174028,Mandi,MDIB1,AMBT1
174034,Mandi,MDIB1,AMBT1
174307,Una,UHLB1,AMBT1
175004,Mandi,MDIB1,AMBT1
175012,Mandi,MDIB1,AMBT1
175015,Mandi,MDIB1,AMBT1
175018,Mandi,MDIB1,AMBT1
175024,Mandi,MDIB1,AMBT1
175025,Mandi,MDIB1,AMBT1
175029,Mandi,MDIB1,AMBT1
175030,Mandi,MDIB1,AMBT1
175032,Mandi,MDIB1,AMBT1
175033,Mandi,MDIB1,AMBT1
175037,Mandi,MDIB1,AMBT1
175101,Mandi,MDIB1,AMBT1
175121,Mandi,MDIB1,AMBT1
175125,Mandi,MDIB1,AMBT1
175126,Mandi,MDIB1,AMBT1
175129,Mandi,MDIB1,AMBT1
175131,Mandi,MDIB1,AMBT1
175143,Mandi,MDIB1,AMBT1
176001,Una,UHLB1,AMBT1
176023,Una,UHLB1,AMBT1
176031,Una,UHLB1,AMBT1
176045,Mandi,MDIB1,AMBT1
176047,Una,UHLB1,AMBT1
176057,Una,UHLB1,AMBT1
176059,Una,UHLB1,AMBT1
176061,Una,UHLB1,AMBT1
176093,Una,UHLB1,AMBT1
176095,Una,UHLB1,AMBT1
176110,Una,UHLB1,AMBT1
176115,Una,UHLB1,AMBT1
176201,Una,UHLB1,AMBT1
176202,Una,UHLB1,AMBT1
176208,Una,UHLB1,AMBT1
176209,Una,UHLB1,AMBT1
176215,Una,UHLB1,AMBT1
176216,Una,UHLB1,AMBT1
176401,Una,UHLB1,AMBT1
176403,Una,UHLB1,AMBT1
176501,Una,UHLB1,AMBT1
176601,Una,UHLB1,AMBT1
177001,Una,UHLB1,AMBT1
177005,Una,UHLB1,AMBT1
177020,Una,UHLB1,AMBT1
177025,Mandi,MDIB1,AMBT1
177027,Una,UHLB1,AMBT1
177033,Una,UHLB1,AMBT1
177041,Una,UHLB1,AMBT1
177043,Una,UHLB1,AMBT1
177048,Una,UHLB1,AMBT1
177103,Una,UHLB1,AMBT1
177202,Una,UHLB1,AMBT1
177203,Una,UHLB1,AMBT1
177401,Mandi,MDIB1,AMBT1
181102,Jammu,IXJB1,AMBT1
181122,Jammu,IXJB1,AMBT1
181201,Jammu,IXJB1,AMBT1
181206,Jammu,IXJB1,AMBT1
181221,Jammu,IXJB1,AMBT1
182101,Jammu,IXJB1,AMBT1
182104,Jammu,IXJB1,AMBT1
182121,Jammu,IXJB1,AMBT1
182126,Jammu,IXJB1,AMBT1
182301,Jammu,IXJB1,AMBT1
184101,Jammu,IXJB1,AMBT1
184102,Jammu,IXJB1,AMBT1
184104,Jammu,IXJB1,AMBT1
184121,Jammu,IXJB1,AMBT1
184141,Jammu,IXJB1,AMBT1
184142,Jammu,IXJB1,AMBT1
184148,Jammu,IXJB1,AMBT1
247774,KARNAL,KRNB1,AMBT1
360025,Rajkot,RAJB1,AMDT1
360030,Rajkot,RAJB1,AMDT1
360055,Rajkot,RAJB1,AMDT1
360110,Rajkot,RAJB1,AMDT1
360311,Rajkot,RAJB1,AMDT1
360370,Rajkot_Extended ODA,RAJB1,AMDT1
360380,Rajkot_Extended ODA,RAJB1,AMDT1
360405,Rajkot_Extended ODA,RAJB1,AMDT1
360520,Jamnagar_Extended ODA,JGAB1,AMDT1
361010,Jamnagar_Extended ODA,JGAB1,AMDT1
361140,Jamnagar1,JGAB1,AMDT1
361142,Jamnagar,JGAB1,AMDT1
361162,Rajkot,RAJB1,AMDT1
361280,Jamnagar1,JGAB1,AMDT1
361305,Jamnagar_Extended ODA,JGAB1,AMDT1
361310,Jamnagar,JGAB1,AMDT1
361315,Jamnagar1,JGAB1,AMDT1
361335,Jamnagar1,JGAB1,AMDT1
361350,Jamnagar1,JGAB1,AMDT1
363001,Ahmedabad,AMDT1,AMDT1
363520,Rajkot,RAJB1,AMDT1
363641,Rajkot_Extended ODA,RAJB1,AMDT1
363642,Rajkot,RAJB1,AMDT1
364140,Bhavnagar,BVCB1,AMDT1
364150,Bhavnagar,BVCB1,AMDT1
364230,Bhavnagar,BVCB1,AMDT1
364270,Bhavnagar,BVCB1,AMDT1
364290,Bhavnagar,BVCB1,AMDT1
364313,Bhavnagar,BVCB1,AMDT1
364320,Bhavnagar,BVCB1,AMDT1
364515,Rajkot,RAJB1,AMDT1
364710,Bhavnagar,BVCB1,AMDT1
364730,Bhavnagar,BVCB1,AMDT1
364740,Bhavnagar,BVCB1,AMDT1
364750,Bhavnagar,BVCB1,AMDT1
365220,Bhavnagar,BVCB1,AMDT1
365541,Rajkot,RAJB1,AMDT1
365560,Rajkot,RAJB1,AMDT1
365601,Rajkot,RAJB1,AMDT1
370001,Gandhidham,IXYB1,AMDT1
370015,Gandhidham,IXYB1,AMDT1
370020,Gandhidham,IXYB1,AMDT1
370105,Gandhidham,IXYB1,AMDT1
370130,Gandhidham,IXYB1,AMDT1
370140,Gandhidham,IXYB1,AMDT1
370150,Gandhidham,IXYB1,AMDT1
370415,Gandhidham,IXYB1,AMDT1
370421,Gandhidham,IXYB1,AMDT1
370435,Gandhidham,IXYB1,AMDT1
370511,Gandhidham,JGAB1,AMDT1
370645,Gandhidham,IXYB1,AMDT1
370655,Gandhidham,IXYB1,AMDT1
382120,Gandhinagar,AMDBP,AMDT1
382150,Ahmedabad,AMDT1,AMDT1
382255,Bhavnagar,AMDT1,AMDT1
382305,Gandhinagar,GNCB1,AMDT1
382308,Gandhinagar,GNCB1,AMDT1
382433,Gandhinagar,AMDT1,AMDT1
382449,Piplaj,AMDBP,AMDT1
382450,Bhavnagar,BVCB1,AMDT1
382455,Bhavnagar,BVCB1,AMDT1
382729,Gandhinagar,GNCB1,AMDT1
382810,Gandhinagar,GNCB1,AMDT1
382845,Gandhinagar,GNCB1,AMDT1
382855,Gandhinagar,GNCB1,AMDT1
382870,Mahesana,MSHB1,AMDT1
383001,Gandhinagar,GNCB1,AMDT1
383006,Gandhinagar,GNCB1,AMDT1
383120,Gandhinagar,GNCB1,AMDT1
383205,Gandhinagar,GNCB1,AMDT1
383220,Gandhinagar,GNCB1,AMDT1
383245,Gandhinagar,GNCB1,AMDT1
383250,Gandhinagar,GNCB1,AMDT1
383251,Gandhinagar,GNCB1,AMDT1
383255,Mahesana,MSHB1,AMDT1
383275,Mahesana,MSHB1,AMDT1
383305,Gandhinagar,GNCB1,AMDT1
383315,Gandhinagar,GNCB1,AMDT1
383335,Gandhinagar,GNCB1,AMDT1
383421,Mahesana,MSHB1,AMDT1
383430,Mahesana,MSHB1,AMDT1
384170,Mahesana,MSHB1,AMDT1
384210,Mahesana,MSHB1,AMDT1
384215,Mahesana,MSHB1,AMDT1
384220,Mahesana,MSHB1,AMDT1
384229,Mahesana,MSHB1,AMDT1
384240,Mahesana,MSHB1,AMDT1
384245,Mahesana,MSHB1,AMDT1
384265,Mahesana,MSHB1,AMDT1
384275,Mahesana,MSHB1,AMDT1
384315,Mahesana,MSHB1,AMDT1
384325,Mahesana,MSHB1,AMDT1
384330,Mahesana,MSHB1,AMDT1
385001,Mahesana,MSHB1,AMDT1
385110,Mahesana,MSHB1,AMDT1
385320,Mahesana,MSHB1,AMDT1
385535,Mahesana,MSHB1,AMDT1
385565,Mahesana,MSHB1,AMDT1
387001,Vadodara,BDQT1,AMDT1
387002,Vadodara,BDQT1,AMDT1
387130,Vadodara,BDQT1,AMDT1
387230,Vadodara,BDQT1,AMDT1
387305,Vadodara_Extended ODA,BDQT1,AMDT1
387315,Vadodara,BDQT1,AMDT1
387330,Vadodara_Extended ODA,BDQT1,AMDT1
387411,Aslali,AMDBL,AMDT1
387530,Aslali,AMDBL,AMDT1
387550,Aslali,AMDBL,AMDT1
387560,Aslali,AMDBL,AMDT1
387570,Aslali,AMDBL,AMDT1
387630,Vadodara,BDQT1,AMDT1
388120,Vadodara 2,BDQT1,AMDT1
388121,Vadodara,BDQT1,AMDT1
388130,Vadodara,BDQT1,AMDT1
388180,Vadodara,BDQT1,AMDT1
388205,Vadodara,BDQT1,AMDT1
388210,Vadodara,BDQT1,AMDT1
388220,Vadodara,BDQT1,AMDT1
388245,Gandhinagar,GNCB1,AMDT1
388255,Vadodara,BDQT1,AMDT1
388265,Gandhinagar,GNCB1,AMDT1
388325,Vadodara,BDQT1,AMDT1
388360,Vadodara 2,BDQT1,AMDT1
388450,Vadodara,BDQT1,AMDT1
388540,Vadodara,BDQT1,AMDT1
388620,Vadodara,BDQT1,AMDT1
388630,Vadodara,BDQT1,AMDT1
388640,Vadodara_Extended ODA,BDQT1,AMDT1
389001,Vadodara,BDQT1,AMDT1
389115,Vadodara,BDQT1,AMDT1
389151,Vadodara,BDQT1,AMDT1
389170,Vadodara,BDQT1,AMDT1
389230,Vadodara,BDQT1,AMDT1
389320,Vadodara_Extended ODA,BDQT1,AMDT1
389330,Vadodara_Extended ODA,BDQT1,AMDT1
389350,Vadodara,BDQT1,AMDT1
389390,Vadodara,BDQT1,AMDT1
391110,Vadodara_Extended ODA,BDQT1,AMDT1
391115,Vadodara_Extended ODA,BDQT1,AMDT1
391121,Vadodara,BDQT1,AMDT1
391135,Vadodara,BDQT1,AMDT1
391165,Vadodara,BDQT1,AMDT1
391210,Vadodara_Extended ODA,BDQT1,AMDT1
391240,Vadodara_Extended ODA,BDQT1,AMDT1
391243,Vadodara,BDQT1,AMDT1
391244,Vadodara_Extended ODA,BDQT1,AMDT1
391510,Vadodara,BDQT1,AMDT1
391520,Vadodara,BDQT1,AMDT1
391760,Vadodara,BDQT1,AMDT1
391774,Vadodara,BDQT1,AMDT1
391810,Vadodara,BDQT1,AMDT1
392012,Ankleshwar2,AKVB1,AMDT1
392035,Ankleshwar2,AKVB1,AMDT1
392110,Ankleshwar2,AKVB1,AMDT1
392130,Ankleshwar2,AKVB1,AMDT1
392140,Ankleshwar2,AKVB1,AMDT1
392160,Ankleshwar2,AKVB1,AMDT1
393105,Ankleshwar2,AKVB1,AMDT1
393110,Ankleshwar2,AKVB1,AMDT1
393145,Ankleshwar2,AKVB1,AMDT1
394110,Surat 4,STVT1,AMDT1
394111,Surat,STVT1,AMDT1
394120,Ankleshwar2,AKVB1,AMDT1
394160,Surat 4,STVT1,AMDT1
394163,Surat_Extended ODA,STVT1,AMDT1
394270,Surat,STVT1,AMDT1
394355,Surat,STVT1,AMDT1
394365,Surat,STVT1,AMDT1
394380,Surat,STVT1,AMDT1
394430,Surat_Extended ODA,STVT1,AMDT1
394510,Surat,STVT1,AMDT1
394515,Surat,STVT1,AMDT1
394518,Surat,STVT1,AMDT1
394530,Surat,STVT1,AMDT1
394540,Surat 4,STVT1,AMDT1
394635,Surat,STVT1,AMDT1
394650,Surat,STVT1,AMDT1
394670,Surat,STVT1,AMDT1
394710,Surat,STVT1,AMDT1
396001,Silvassa_VAPT1,VAPT1,AMDT1
396002,West_Vapi,VAPT1,AMDT1
396020,West_Vapi,VAPT1,AMDT1
396035,VAPI,VAPT1,AMDT1
396040,VAPI,VAPT1,AMDT1
396050,Vapi_Extended ODA,VAPT1,AMDT1
396055,VAPI,VAPT1,AMDT1
396060,Vapi_Extended ODA,VAPT1,AMDT1
396110,Vapi_Extended ODA,VAPT1,AMDT1
396120,West_Vapi,VAPT1,AMDT1
396125,VAPI,VAPT1,AMDT1
396126,VAPI,VAPT1,AMDT1
396165,West_Vapi,VAPT1,AMDT1
396170,West_Vapi,VAPT1,AMDT1
396171,West_Vapi,VAPT1,AMDT1
396230,Silvassa_VAPT1,VAPT1,AMDT1
396240,VAPI,VAPT1,AMDT1
396321,Surat,STVT1,AMDT1
396325,Vapi_Extended ODA,VAPT1,AMDT1
396375,VAPI,VAPT1,AMDT1
396380,Surat_Extended ODA,STVT1,AMDT1
396424,Surat,STVT1,AMDT1
396427,Surat,STVT1,AMDT1
396430,Surat,STVT1,AMDT1
396436,Surat,STVT1,AMDT1
396445,Surat,STVT1,AMDT1
396450,Surat,STVT1,AMDT1
396521,Surat,STVT1,AMDT1
396580,Surat,STVT1,AMDT1
560300,North Bangalore 3,BLRBN,BLRT1
561203,North Bangalore 3,BLRBN,BLRT1
562101,Bangalore,MLOB1,BLRT1
562102,Bangalore,BLRBJ,BLRT1
562103,Bangalore,BLRBN,BLRT1
562105,North Bangalore,BLRBJ,BLRT1
562110,North Bangalore 3,BLRBN,BLRT1
562111,Tumkur,BLRBN,BLRT1
562112,Bangalore,BLRBJ,BLRT1
562117,Jigani,BLRBJ,BLRT1
562122,Malur,MLOB1,BLRT1
562159,Bidadi,BLRB8,BLRT1
563101,Malur,MLOB1,BLRT1
563102,Malur,MLOB1,BLRT1
563113,Malur,MLOB1,BLRT1
563114,Malur,MLOB1,BLRT1
563115,Malur,MLOB1,BLRT1
563120,Malur,MLOB1,BLRT1
563122,Malur,MLOB1,BLRT1
563125,Malur,MLOB1,BLRT1
563128,Malur,MLOB1,BLRT1
563132,Malur,MLOB1,BLRT1
563135,Malur,MLOB1,BLRT1
563162,Malur,MLOB1,BLRT1
570010,Mysore,MYQB1,BLRT1
571101,Mysore,MYQB1,BLRT1
571104,Mysore,MYQB1,BLRT1
571105,Mysore,MYQB1,BLRT1
571107,Mysore,MYQB1,BLRT1
571111,Mysore,MYQB1,BLRT1
571114,Mysore,MYQB1,BLRT1
571118,Mysore,MYQB1,BLRT1
571201,Mysore,MYQB1,BLRT1
571211,Mysore,MYQB1,BLRT1
571217,Mysore,MYQB1,BLRT1
571234,Mysore,MYQB1,BLRT1
571237,Mysore,MYQB1,BLRT1
571253,Mysore,MYQB1,BLRT1
571301,Mysore,MYQB1,BLRT1
571302,Mysore,MYQB1,BLRT1
571313,Mysore,MYQB1,BLRT1
571342,Mysore,MYQB1,BLRT1
571401,Mysore,MYQB1,BLRT1
571403,Mysore,MYQB1,BLRT1
571423,Mysore,MYQB1,BLRT1
571426,Mysore,MYQB1,BLRT1
571432,Mysore,MYQB1,BLRT1
571434,Mysore,MYQB1,BLRT1
571440,Mysore,MYQB1,BLRT1
571463,Mysore,MYQB1,BLRT1
571602,Mysore,MYQB1,BLRT1
571812,Mysore,MYQB1,BLRT1
573142,Shivamogga,SMEB1,BLRT1
573211,Shivamogga,SMEB1,BLRT1
573214,Shivamogga,DVGB1,BLRT1
573215,Shivamogga,SMEB1,BLRT1
573225,Shivamogga,SMEB1,BLRT1
574103,Manipal,MNPB1,BLRT1
574104,Manipal,MNPB1,BLRT1
574110,Manipal,MNPB1,BLRT1
574113,Manipal,MNPB1,BLRT1
574114,Manipal,MNPB1,BLRT1
574122,Manipal,MNPB1,BLRT1
574146,Mangalore,IXEB1,BLRT1
574150,Mangalore,IXEB1,BLRT1
574154,Mangalore,IXEB1,BLRT1
574210,Mangalore,IXEB1,BLRT1
574211,Mangalore,IXEB1,BLRT1
574217,Mangalore,IXEB1,BLRT1
574227,Mangalore,IXEB1,BLRT1
574229,Mangalore,IXEB1,BLRT1
574231,Mangalore,IXEB1,BLRT1
574233,Mangalore,IXEB1,BLRT1
574243,Mangalore,IXEB1,BLRT1
574509,Mangalore,IXEB1,BLRT1
576121,Manipal,MNPB1,BLRT1
576201,Manipal,MNPB1,BLRT1
576212,Manipal,MNPB1,BLRT1
576214,Manipal,MNPB1,BLRT1
576216,Manipal,MNPB1,BLRT1
576217,Manipal,MNPB1,BLRT1
576219,Manipal,MNPB1,BLRT1
576221,Manipal,MNPB1,BLRT1
576222,Manipal,MNPB1,BLRT1
576223,Manipal,MNPB1,BLRT1
576225,Manipal,MNPB1,BLRT1
576229,Manipal,MNPB1,BLRT1
576247,Manipal,MNPB1,BLRT1
576257,Manipal,MNPB1,BLRT1
577101,Shivamogga,DVGB1,BLRT1
577102,Shivamogga,SMEB1,BLRT1
577123,Shivamogga,SMEB1,BLRT1
577126,Shivamogga,SMEB1,BLRT1
577127,Shivamogga,SMEB1,BLRT1
577144,Shivamogga,SMEB1,BLRT1
577175,Shivamogga,SMEB1,BLRT1
577214,Shivamogga,SMEB1,BLRT1
577223,Shivamogga,SMEB1,BLRT1
577425,Shivamogga,SMEB1,BLRT1
577429,Shivamogga,SMEB1,BLRT1
577501,Davangere,DVGB1,BLRT1
577522,Davangere,DVGB1,BLRT1
577524,Davangere,DVGB1,BLRT1
577526,Davangere,DVGB1,BLRT1
577527,Davangere,DVGB1,BLRT1
577528,Davangere,DVGB1,BLRT1
577529,Bellary,BAYB1,BLRT1
577530,Davangere,DVGB1,BLRT1
580007,Hubli,HBXB1,BLRT1
580011,Hubli,HBXB1,BLRT1
581106,Davangere,DVGB1,BLRT1
581107,Hubli,HBXB1,BLRT1
581109,Davangere,DVGB1,BLRT1
581110,Davangere,DVGB1,BLRT1
581113,Hubli,HBXB1,BLRT1
581115,Davangere,DVGB1,BLRT1
581116,Davangere,DVGB1,BLRT1
581123,Davangere,DVGB1,BLRT1
581204,Hubli,HBXB1,BLRT1
581207,Hubli,HBXB1,BLRT1
581320,Manipal,MNPB1,BLRT1
581325,Hubli,HBXB1,BLRT1
581340,Shivamogga,SMEB1,BLRT1
581359,Hubli,HBXB1,BLRT1
581401,Hubli,HBXB1,BLRT1
581402,Hubli,HBXB1,BLRT1
582101,Hubli,HBXB1,BLRT1
582103,Hubli,HBXB1,BLRT1
582203,Hubli,HBXB1,BLRT1
583113,Bellary,BAYB1,BLRT1
583115,Bellary,BAYB1,BLRT1
583118,Bellary,BAYB1,BLRT1
583119,Bellary,BAYB1,BLRT1
583121,Bellary,BAYB1,BLRT1
583123,Bellary,BAYB1,BLRT1
583131,Davangere,DVGB1,BLRT1
583134,Davangere,DVGB1,BLRT1
583135,Bellary,BAYB1,BLRT1
583201,Bellary,BAYB1,BLRT1
583203,Bellary,BAYB1,BLRT1
583212,Bellary,BAYB1,BLRT1
583216,Davangere,DVGB1,BLRT1
583226,Hubli,HBXB1,BLRT1
583227,Bellary,BAYB1,BLRT1
583228,Bellary,BAYB1,BLRT1
583229,Bellary,BAYB1,BLRT1
583231,Bellary,BAYB1,BLRT1
583235,Bellary,BAYB1,BLRT1
583277,Hubli,HBXB1,BLRT1
583282,Bellary,BAYB1,BLRT1
584102,Bellary,BAYB1,BLRT1
584103,Bellary,BAYB1,BLRT1
584115,Bellary,BAYB1,BLRT1
584120,Bellary,BAYB1,BLRT1
584122,Bellary,BAYB1,BLRT1
584123,Bellary,BAYB1,BLRT1
584128,Bellary,BAYB1,BLRT1
586113,Hubli,HBXB1,BLRT1
587101,Hubli,HBXB1,BLRT1
587102,Hubli,HBXB1,BLRT1
587103,Hubli,HBXB1,BLRT1
587117,Hubli,HBXB1,BLRT1
587125,Hubli,HBXB1,BLRT1
587204,Hubli,HBXB1,BLRT1
587301,Belgaum,BGMB1,BLRT1
587312,Belgaum,BGMB1,BLRT1
587313,Belgaum,BGMB1,BLRT1
587315,Belgaum,BGMB1,BLRT1
590014,Belgaum,BGMB1,BLRT1
591102,Belgaum,BGMB1,BLRT1
591111,Belgaum,BGMB1,BLRT1
591114,Belgaum,BGMB1,BLRT1
591115,Belgaum,BGMB1,BLRT1
591122,Belgaum,BGMB1,BLRT1
591136,Belgaum,BGMB1,BLRT1
591201,Belgaum,BGMB1,BLRT1
591215,Belgaum,BGMB1,BLRT1
591223,Belgaum,BGMB1,BLRT1
591225,Belgaum,BGMB1,BLRT1
591237,Belgaum,BGMB1,BLRT1
591243,Belgaum,BGMB1,BLRT1
591254,Belgaum,BGMB1,BLRT1
591302,Belgaum,BGMB1,BLRT1
591304,Belgaum,BGMB1,BLRT1
591307,Belgaum,BGMB1,BLRT1
635001,Hosur,BLRBH,BLRT1
400040,Bhiwandi Delivery,BOMBN2,BOMT1
400044,Bhiwandi Delivery,BOMBM,BOMT1
400073,Bhiwandi Delivery,BOMBN2,BOMT1
400702,Panvel,BOMBN2,BOMT1
401401,Tarapur,BOMT2,BOMT1
401405,Tarapur,BOMT2,BOMT1
401606,Tarapur,BOMT2,BOMT1
401607,Tarapur,BOMT2,BOMT1
402209,Panvel,PNVB1,BOMT1
410101,Panvel,PNVB1,BOMT1
410201,Panvel,PNVB1,BOMT1
410203,Panvel,PNVB1,BOMT1
421303,Bhiwandi Delivery,BOMT2,BOMT1
421306,Bhiwandi Delivery,BOMT2,BOMT1
421503,Bhiwandi Delivery,BOMT2,BOMT1
421604,Bhiwandi Delivery,BOMT2,BOMT1
700147,Central Kolkata,CCUBT,CCUT1
700149,Central Kolkata,CCUBT,CCUT1
711301,Dhulagarh,CCUB5,CCUT1
711303,Dhulagarh,CCUB5,CCUT1
711304,Dhulagarh,CCUB5,CCUT1
711306,Dhulagarh,CCUB5,CCUT1
711312,Dhulagarh,CCUB5,CCUT1
711314,Dhulagarh,CCUB5,CCUT1
711315,Dhulagarh,CCUB5,CCUT1
711316,Dhulagarh,CCUB5,CCUT1
711401,Dhulagarh,CCUB5,CCUT1
712101,Dankuni,CCUBD,CCUT1
712103,Dankuni,CCUBD,CCUT1
712104,Dankuni,CCUBD,CCUT1
712123,Dankuni,CCUBD,CCUT1
712149,Dankuni,CCUBD,CCUT1
712301,Dankuni,CCUBD,CCUT1
712305,Dankuni,CCUBD,CCUT1
712401,Dankuni,CCUBD,CCUT1
712403,Dankuni,CCUBD,CCUT1
712410,Bardhaman,BWNB1,CCUT1
712501,Dankuni,CCUBD,CCUT1
712502,Dankuni,CCUBD,CCUT1
712601,Dankuni,CCUBD,CCUT1
712602,Dankuni,CCUBD,CCUT1
712617,Dankuni,CCUBD,CCUT1
713102,Bardhaman,BWNB1,CCUT1
713122,Bardhaman,BWNB1,CCUT1
713125,Bardhaman,BWNB1,CCUT1
713128,Bardhaman,BWNB1,CCUT1
713130,Bardhaman,BWNB1,CCUT1
713140,Bardhaman,BWNB1,CCUT1
713143,Bardhaman,BWNB1,CCUT1
713145,Bardhaman,BWNB1,CCUT1
713146,Bardhaman,BWNB1,CCUT1
713147,Bardhaman,BWNB1,CCUT1
713148,Durgapur,DGRB1,CCUT1
713152,Durgapur,DGRB1,CCUT1
713324,Asansol,ASNB1,CCUT1
713326,Bardhaman,ASNB1,CCUT1
713331,Asansol,ASNB1,CCUT1
713335,Asansol,ASNB1,CCUT1
713336,Asansol,ASNB1,CCUT1
713347,Asansol,ASNB1,CCUT1
713357,Asansol,ASNB1,CCUT1
713358,Asansol,ASNB1,CCUT1
713360,Asansol,ASNB1,CCUT1
713362,Asansol,ASNB1,CCUT1
713363,Durgapur,DGRB1,CCUT1
713371,Asansol,ASNB1,CCUT1
713372,Bardhaman,ASNB1,CCUT1
713403,Durgapur,DGRB1,CCUT1
713409,Bardhaman,BWNB1,CCUT1
713502,Bardhaman,BWNB1,CCUT1
713519,Bardhaman,BWNB1,CCUT1
722101,Durgapur,DGRB1,CCUT1
722102,Durgapur,DGRB1,CCUT1
722121,Durgapur,DGRB1,CCUT1
722122,Durgapur,DGRB1,CCUT1
722134,Durgapur,DGRB1,CCUT1
722141,Durgapur,DGRB1,CCUT1
722143,Durgapur,DGRB1,CCUT1
722155,Durgapur,DGRB1,CCUT1
722207,Durgapur,DGRB1,CCUT1
722208,Durgapur,DGRB1,CCUT1
731101,Durgapur,DGRB1,CCUT1
731124,Durgapur,DGRB1,CCUT1
731204,Durgapur,DGRB1,CCUT1
731214,Durgapur,DGRB1,CCUT1
731235,Durgapur,DGRB1,CCUT1
732102,Malda,LDAB1,CCUT1
732124,Malda,LDAB1,CCUT1
732127,Malda,LDAB1,CCUT1
732139,Malda,LDAB1,CCUT1
732142,Malda,LDAB1,CCUT1
732201,Malda,LDAB1,CCUT1
732202,Malda,LDAB1,CCUT1
732215,Malda,LDAB1,CCUT1
733101,Malda,LDAB1,CCUT1
733129,Malda,LDAB1,CCUT1
733130,Malda,LDAB1,CCUT1
733134,Malda,LDAB1,CCUT1
733143,Malda,LDAB1,CCUT1
741101,Shantipur,STBB1,CCUT1
741102,Shantipur,STBB1,CCUT1
741103,Shantipur,STBB1,CCUT1
741124,Shantipur,STBB1,CCUT1
741126,Shantipur,STBB1,CCUT1
741137,Shantipur,STBB1,CCUT1
741159,Shantipur,STBB1,CCUT1
741160,Shantipur,STBB1,CCUT1
741161,Shantipur,STBB1,CCUT1
741163,Shantipur,STBB1,CCUT1
741165,Shantipur,STBB1,CCUT1
741201,Shantipur,STBB1,CCUT1
741222,Shantipur,STBB1,CCUT1
741245,Shantipur,STBB1,CCUT1
741247,Shantipur,STBB1,CCUT1
741249,Shantipur,STBB1,CCUT1
741253,Shantipur,STBB1,CCUT1
741302,Shantipur,STBB1,CCUT1
741313,Shantipur,STBB1,CCUT1
741501,Shantipur,STBB1,CCUT1
741502,Shantipur,STBB1,CCUT1
741504,Shantipur,STBB1,CCUT1
742121,Murshidabad,MSBB1,CCUT1
742132,Murshidabad,MSBB1,CCUT1
742133,Murshidabad,MSBB1,CCUT1
742135,Murshidabad,MSBB1,CCUT1
742136,Murshidabad,MSBB1,CCUT1
742137,Murshidabad,MSBB1,CCUT1
742138,Murshidabad,MSBB1,CCUT1
742140,Murshidabad,MSBB1,CCUT1
742147,Murshidabad,MSBB1,CCUT1
742149,Murshidabad,MSBB1,CCUT1
742159,Murshidabad,MSBB1,CCUT1
742161,Murshidabad,MSBB1,CCUT1
742163,Murshidabad,MSBB1,CCUT1
742164,Murshidabad,MSBB1,CCUT1
742166,Murshidabad,MSBB1,CCUT1
742181,Murshidabad,MSBB1,CCUT1
742184,Murshidabad,MSBB1,CCUT1
742213,Murshidabad,MSBB1,CCUT1
742225,Murshidabad,MSBB1,CCUT1
742227,Murshidabad,MSBB1,CCUT1
742237,Murshidabad,MSBB1,CCUT1
742301,Murshidabad,MSBB1,CCUT1
742303,Murshidabad,MSBB1,CCUT1
742304,Murshidabad,MSBB1,CCUT1
742305,Murshidabad,MSBB1,CCUT1
742401,Murshidabad,MSBB1,CCUT1
743235,Madhyamgram,CCUT1,CCUT1
743503,Central Kolkata,CCUBT,CCUT1
743504,Central Kolkata,CCUBT,CCUT1
743513,Central Kolkata,CCUBT,CCUT1
608901,Trichy,TRZB1,CJBT1
610204,Trichy,TRZB1,CJBT1
611001,Trichy,TRZB1,CJBT1
611003,Trichy,TRZB1,CJBT1
613001,Trichy,TRZB1,CJBT1
613007,Trichy,TRZB1,CJBT1
613701,Trichy,TRZB1,CJBT1
614017,Trichy,TRZB1,CJBT1
614102,Trichy,TRZB1,CJBT1
614602,Trichy,TRZB1,CJBT1
614616,Trichy,TRZB1,CJBT1
614622,Trichy,TRZB1,CJBT1
614624,Trichy,TRZB1,CJBT1
614701,Trichy,TRZB1,CJBT1
614704,Trichy,TRZB1,CJBT1
614808,Trichy,TRZB1,CJBT1
614810,Trichy,TRZB1,CJBT1
614903,Trichy,TRZB1,CJBT1
620012,Trichy,TRZB1,CJBT1
620015,Trichy,TRZB1,CJBT1
621001,Trichy,TRZB1,CJBT1
621002,Trichy,TRZB1,CJBT1
621003,Trichy,TRZB1,CJBT1
621010,Trichy,TRZB1,CJBT1
621011,Trichy,TRZB1,CJBT1
621012,Trichy,TRZB1,CJBT1
621014,Trichy,TRZB1,CJBT1
621101,Trichy,TRZB1,CJBT1
621104,Trichy,TRZB1,CJBT1
621105,Trichy,TRZB1,CJBT1
621107,Trichy,TRZB1,CJBT1
621109,Trichy,TRZB1,CJBT1
621116,Trichy,TRZB1,CJBT1
621117,Trichy,TRZB1,CJBT1
621118,Trichy,TRZB1,CJBT1
621203,Trichy,TRZB1,CJBT1
621212,Trichy,TRZB1,CJBT1
621301,karur,KRRB1,CJBT1
621305,Trichy,TRZB1,CJBT1
621306,Trichy,TRZB1,CJBT1
621307,Trichy,TRZB1,CJBT1
621308,Trichy,TRZB1,CJBT1
621311,karur,KRRB1,CJBT1
621312,Trichy,TRZB1,CJBT1
621313,Trichy,TRZB1,CJBT1
621316,Trichy,TRZB1,CJBT1
621651,Trichy,TRZB1,CJBT1
621702,Trichy,TRZB1,CJBT1
621704,Trichy,TRZB1,CJBT1
621711,Trichy,TRZB1,CJBT1
621715,Trichy,TRZB1,CJBT1
621716,Trichy,TRZB1,CJBT1
621801,Trichy,TRZB1,CJBT1
621802,Trichy,TRZB1,CJBT1
621804,Trichy,TRZB1,CJBT1
622001,Trichy,TRZB1,CJBT1
622002,Trichy,TRZB1,CJBT1
622003,Trichy,TRZB1,CJBT1
622004,Trichy,TRZB1,CJBT1
622005,Trichy,TRZB1,CJBT1
622102,Trichy,TRZB1,CJBT1
622204,Trichy,TRZB1,CJBT1
623501,Madurai,IXMB1,CJBT1
623504,Madurai,IXMB1,CJBT1
623512,Madurai,IXMB1,CJBT1
623517,Madurai,IXMB1,CJBT1
623522,Madurai,IXMB1,CJBT1
623524,Madurai,IXMB1,CJBT1
623525,Madurai,IXMB1,CJBT1
623526,Madurai,IXMB1,CJBT1
623527,Madurai,IXMB1,CJBT1
623707,Madurai,IXMB1,CJBT1
624001,Madurai,IXMB1,CJBT1
624005,Madurai,IXMB1,CJBT1
624201,Madurai,IXMB1,CJBT1
624403,Madurai,IXMB1,CJBT1
624601,Madurai,IXMB1,CJBT1
624618,Madurai,IXMB1,CJBT1
624619,Madurai,IXMB1,CJBT1
624706,Madurai,IXMB1,CJBT1
624709,Madurai,IXMB1,CJBT1
624710,Madurai,IXMB1,CJBT1
624711,Madurai,IXMB1,CJBT1
625102,Madurai,IXMB1,CJBT1
625106,Madurai,IXMB1,CJBT1
625122,Madurai,IXMB1,CJBT1
625214,Madurai,IXMB1,CJBT1
625218,Madurai,IXMB1,CJBT1
625501,Madurai,IXMB1,CJBT1
625503,Madurai,IXMB1,CJBT1
625512,Madurai,IXMB1,CJBT1
625513,Madurai,IXMB1,CJBT1
625514,Madurai,IXMB1,CJBT1
625515,Madurai,IXMB1,CJBT1
625526,Madurai,IXMB1,CJBT1
625531,Madurai,IXMB1,CJBT1
625533,Madurai,IXMB1,CJBT1
625601,Madurai,IXMB1,CJBT1
625702,Madurai,IXMB1,CJBT1
625706,Madurai,IXMB1,CJBT1
626001,Madurai,IXMB1,CJBT1
626003,Madurai,IXMB1,CJBT1
626101,Madurai,IXMB1,CJBT1
626106,Madurai,IXMB1,CJBT1
626108,Madurai,IXMB1,CJBT1
626112,Madurai,IXMB1,CJBT1
626117,Madurai,IXMB1,CJBT1
626121,Madurai,IXMB1,CJBT1
626125,Madurai,IXMB1,CJBT1
626129,Madurai,IXMB1,CJBT1
626130,Madurai,IXMB1,CJBT1
626132,Madurai,IXMB1,CJBT1
626133,Madurai,IXMB1,CJBT1
626149,Madurai,IXMB1,CJBT1
626204,Madurai,IXMB1,CJBT1
627106,Tirunelveli,TENB1,CJBT1
627109,Tirunelveli,TENB1,CJBT1
627117,Tirunelveli,TENB1,CJBT1
627119,Tirunelveli,TENB1,CJBT1
627133,Tirunelveli,TENB1,CJBT1
627425,Tirunelveli,TENB1,CJBT1
627657,Tirunelveli,TENB1,CJBT1
627751,Tirunelveli,TENB1,CJBT1
627756,Tirunelveli,TENB1,CJBT1
627757,Tirunelveli,TENB1,CJBT1
627758,Tirunelveli,TENB1,CJBT1
627809,Tirunelveli,TENB1,CJBT1
627811,Tirunelveli,TENB1,CJBT1
627818,Tirunelveli,TENB1,CJBT1
628204,Tuticorin,TCRB1,CJBT1
628205,Tuticorin,TCRB1,CJBT1
628215,Tuticorin,TCRB1,CJBT1
628501,Tuticorin,TCRB1,CJBT1
628502,Tuticorin,TCRB1,CJBT1
628503,Tuticorin,TCRB1,CJBT1
628704,Tuticorin,TCRB1,CJBT1
628716,Tuticorin,TCRB1,CJBT1
628851,Tuticorin,TCRB1,CJBT1
628952,Tirunelveli,TENB1,CJBT1
629151,Tirunelveli,TENB1,CJBT1
629155,Tirunelveli,TENB1,CJBT1
629157,Tirunelveli,TENB1,CJBT1
629158,Tirunelveli,TENB1,CJBT1
629160,Tirunelveli,TENB1,CJBT1
629161,Tirunelveli,TENB1,CJBT1
629162,Tirunelveli,TENB1,CJBT1
629165,Tirunelveli,TENB1,CJBT1
629173,Tirunelveli,TENB1,CJBT1
629174,Tirunelveli,TENB1,CJBT1
629175,Tirunelveli,TENB1,CJBT1
629193,Tirunelveli,TENB1,CJBT1
629204,Tirunelveli,TENB1,CJBT1
629302,Tirunelveli,TENB1,CJBT1
629702,Tirunelveli,TENB1,CJBT1
629802,Tirunelveli,TENB1,CJBT1
629809,Tirunelveli,TENB1,CJBT1
630001,Madurai,IXMB1,CJBT1
630002,Madurai,IXMB1,CJBT1
630003,Madurai,IXMB1,CJBT1
630202,Madurai,IXMB1,CJBT1
630210,Madurai,IXMB1,CJBT1
630211,Madurai,IXMB1,CJBT1
630551,Madurai,IXMB1,CJBT1
630557,Madurai,IXMB1,CJBT1
630558,Madurai,IXMB1,CJBT1
630561,Madurai,IXMB1,CJBT1
630562,Madurai,IXMB1,CJBT1
630702,Madurai,IXMB1,CJBT1
630713,Madurai,IXMB1,CJBT1
635205,SALEM,SXVB1,CJBT1
636102,SALEM,SXVB1,CJBT1
636109,SALEM,SXVB1,CJBT1
636111,SALEM,SXVB1,CJBT1
636112,SALEM,SXVB1,CJBT1
636113,SALEM,SXVB1,CJBT1
636115,SALEM,SXVB1,CJBT1
636116,SALEM,SXVB1,CJBT1
636119,SALEM,SXVB1,CJBT1
636121,SALEM,SXVB1,CJBT1
636305,SALEM,SXVB1,CJBT1
636404,SALEM,SXVB1,CJBT1
636451,SALEM,SXVB1,CJBT1
636453,SALEM,SXVB1,CJBT1
636455,SALEM,SXVB1,CJBT1
636601,SALEM,SXVB1,CJBT1
636602,SALEM,SXVB1,CJBT1
636701,SALEM,SXVB1,CJBT1
636705,SALEM,SXVB1,CJBT1
636803,SALEM,SXVB1,CJBT1
636804,SALEM,SXVB1,CJBT1
636805,SALEM,SXVB1,CJBT1
636807,SALEM,SXVB1,CJBT1
636808,SALEM,SXVB1,CJBT1
636810,SALEM,SXVB1,CJBT1
636902,SALEM,SXVB1,CJBT1
636903,SALEM,SXVB1,CJBT1
636905,SALEM,SXVB1,CJBT1
637013,SALEM,SXVB1,CJBT1
637101,SALEM,SXVB1,CJBT1
637102,SALEM,SXVB1,CJBT1
637104,SALEM,SXVB1,CJBT1
637203,SALEM,SXVB1,CJBT1
637208,SALEM,SXVB1,CJBT1
637209,SALEM,SXVB1,CJBT1
637211,SALEM,SXVB1,CJBT1
637213,SALEM,SXVB1,CJBT1
637214,SALEM,SXVB1,CJBT1
637301,SALEM,SXVB1,CJBT1
637302,SALEM,SXVB1,CJBT1
637304,SALEM,SXVB1,CJBT1
637406,SALEM,SXVB1,CJBT1
638008,SALEM,SXVB1,CJBT1
638012,SALEM,SXVB1,CJBT1
638052,SALEM,SXVB1,CJBT1
638105,SALEM,SXVB1,CJBT1
638106,SALEM,SXVB1,CJBT1
638109,Tiruppur,TUPT1,CJBT1
638111,Tiruppur,TUPT1,CJBT1
638151,SALEM,SXVB1,CJBT1
638152,SALEM,SXVB1,CJBT1
638154,SALEM,SXVB1,CJBT1
638314,SALEM,SXVB1,CJBT1
638316,SALEM,SXVB1,CJBT1
638401,SALEM,SXVB1,CJBT1
638402,Tiruppur,TUPT1,CJBT1
638452,Tiruppur,TUPT1,CJBT1
638453,SALEM,SXVB1,CJBT1
638456,Tiruppur,TUPT1,CJBT1
638459,Tiruppur,TUPT1,CJBT1
638501,SALEM,SXVB1,CJBT1
638502,SALEM,SXVB1,CJBT1
638656,Tiruppur,TUPT1,CJBT1
638672,Tiruppur,TUPT1,CJBT1
638673,Tiruppur,TUPT1,CJBT1
638701,Tiruppur,TUPT1,CJBT1
638702,Tiruppur,TUPT1,CJBT1
638706,SALEM,SXVB1,CJBT1
639102,karur,KRRB1,CJBT1
639104,karur,KRRB1,CJBT1
639105,karur,KRRB1,CJBT1
639107,Trichy,TRZB1,CJBT1
639112,Trichy,TRZB1,CJBT1
639115,Trichy,TRZB1,CJBT1
639119,karur,KRRB1,CJBT1
639202,karur,KRRB1,CJBT1
639207,karur,KRRB1,CJBT1
641010,Coimbatore_Delivery,CJBT2,CJBT1
641019,Coimbatore_Delivery,CJBT2,CJBT1
641112,Coimbatore_Delivery,CJBT2,CJBT1
641301,Coimbatore_Delivery,CJBT2,CJBT1
641302,Coimbatore_Delivery,CJBT2,CJBT1
641305,Coimbatore_Delivery,CJBT2,CJBT1
641665,Tiruppur,TUPT1,CJBT1
641666,Tiruppur,TUPT1,CJBT1
642126,Tiruppur,TUPT1,CJBT1
642201,Tiruppur,TUPT1,CJBT1
642205,Coimbatore_Delivery,CJBT2,CJBT1
670101,Kozhikode,CCJB1,CJBT1
670103,Kozhikode,CCJB1,CJBT1
670104,Kozhikode,CCJB1,CJBT1
670105,Kozhikode,CCJB1,CJBT1
670141,Kozhikode,CCJB1,CJBT1
670142,Kozhikode,CCJB1,CJBT1
670303,Kozhikode,CCJB1,CJBT1
670306,Kozhikode,CCJB1,CJBT1
670307,Kozhikode,CCJB1,CJBT1
670309,Kozhikode,CCJB1,CJBT1
670331,Kozhikode,CCJB1,CJBT1
670502,Kozhikode,CCJB1,CJBT1
670503,Kozhikode,CCJB1,CJBT1
670504,Kozhikode,CCJB1,CJBT1
670521,Kozhikode,CCJB1,CJBT1
670563,Kozhikode,CCJB1,CJBT1
670571,Kozhikode,CCJB1,CJBT1
670631,Kozhikode,CCJB1,CJBT1
670633,Kozhikode,CCJB1,CJBT1
670642,Kozhikode,CCJB1,CJBT1
670643,Kozhikode,CCJB1,CJBT1
670644,Kozhikode,CCJB1,CJBT1
670645,Kozhikode,CCJB1,CJBT1
670661,Kozhikode,CCJB1,CJBT1
670672,Kozhikode,CCJB1,CJBT1
670692,Kozhikode,CCJB1,CJBT1
670693,Kozhikode,CCJB1,CJBT1
670702,Kozhikode,CCJB1,CJBT1
670721,Kozhikode,CCJB1,CJBT1
670731,Kozhikode,CCJB1,CJBT1
671121,Kasargod,CCJB1,CJBT1
673101,Kozhikode,CCJB1,CJBT1
673104,Kozhikode,CCJB1,CJBT1
673105,Kozhikode,CCJB1,CJBT1
673106,Kozhikode,CCJB1,CJBT1
673121,Kozhikode,CCJB1,CJBT1
673122,Kozhikode,CCJB1,CJBT1
673307,Kozhikode,CCJB1,CJBT1
673505,Kozhikode,CCJB1,CJBT1
673506,Kozhikode,CCJB1,CJBT1
673507,Kozhikode,CCJB1,CJBT1
673508,Kozhikode,CCJB1,CJBT1
673517,Kozhikode,CCJB1,CJBT1
673521,Kozhikode,CCJB1,CJBT1
673524,Kozhikode,CCJB1,CJBT1
673525,Kozhikode,CCJB1,CJBT1
673577,Kozhikode,CCJB1,CJBT1
673582,Kozhikode,CCJB1,CJBT1
673591,Kozhikode,CCJB1,CJBT1
673592,Kozhikode,CCJB1,CJBT1
673614,Kozhikode,CCJB1,CJBT1
678503,Palakkad,PGTB1,CJBT1
678508,Palakkad,PGTB1,CJBT1
678541,Palakkad,CCJB1,CJBT1
678582,Palakkad,PGTB1,CJBT1
678583,Palakkad,PGTB1,CJBT1
678593,Palakkad,CCJB1,CJBT1
678684,Palakkad,PGTB1,CJBT1
678688,Palakkad,CCJB1,CJBT1
678706,Palakkad,PGTB1,CJBT1
678731,Palakkad,PGTB1,CJBT1
679101,Palakkad,CCJB1,CJBT1
679102,Palakkad,PGTB1,CJBT1
679103,Palakkad,PGTB1,CJBT1
679104,Palakkad,CCJB1,CJBT1
679121,Palakkad,CCJB1,CJBT1
679122,Palakkad,PGTB1,CJBT1
679123,Palakkad,PGTB1,CJBT1
679302,Palakkad,CCJB1,CJBT1
679303,Palakkad,PGTB1,CJBT1
679306,Palakkad,PGTB1,CJBT1
679313,Palakkad,CCJB1,CJBT1
679321,Malappuram,CCJB1,CJBT1
679335,Palakkad,PGTB1,CJBT1
679503,Palakkad,PGTB1,CJBT1
679512,Palakkad,PGTB1,CJBT1
679515,Palakkad,CCJB1,CJBT1
679521,Palakkad,CCJB1,CJBT1
679522,Palakkad,PGTB1,CJBT1
679533,Palakkad,PGTB1,CJBT1
679534,Palakkad,PGTB1,CJBT1
679553,Palakkad,PGTB1,CJBT1
679562,Thrissur,TSRB1,CJBT1
680101,Thrissur,TSRB1,CJBT1
680102,Thrissur,TSRB1,CJBT1
680104,Thrissur,TSRB1,CJBT1
680121,Cochin,COKB1,CJBT1
680123,Cochin,COKB1,CJBT1
680305,Cochin,COKB1,CJBT1
680307,Cochin,COKB1,CJBT1
680308,Cochin,COKB1,CJBT1
680309,Cochin,COKB1,CJBT1
680501,Thrissur,TSRB1,CJBT1
680502,Thrissur,TSRB1,CJBT1
680503,Thrissur,TSRB1,CJBT1
680504,Thrissur,TSRB1,CJBT1
680505,Thrissur,TSRB1,CJBT1
680506,Thrissur,TSRB1,CJBT1
680507,Thrissur,TSRB1,CJBT1
680509,Thrissur,TSRB1,CJBT1
680520,Thrissur,TSRB1,CJBT1
680543,Thrissur,TSRB1,CJBT1
680568,Cochin,COKB1,CJBT1
680569,Thrissur,TSRB1,CJBT1
680584,Thrissur,TSRB1,CJBT1
680588,Thrissur,TSRB1,CJBT1
680590,Thrissur,TSRB1,CJBT1
680602,Thrissur,TSRB1,CJBT1
680614,Thrissur,TSRB1,CJBT1
680615,Thrissur,TSRB1,CJBT1
680662,Cochin,COKB1,CJBT1
680664,Cochin,COKB1,CJBT1
680665,Cochin,COKB1,CJBT1
680671,Cochin,COKB1,CJBT1
680683,Cochin,COKB1,CJBT1
680684,Thrissur,TSRB1,CJBT1
680687,Cochin,COKB1,CJBT1
680688,Cochin,COKB1,CJBT1
680689,Cochin,COKB1,CJBT1
680697,Cochin,COKB1,CJBT1
680699,Cochin,COKB1,CJBT1
680702,Cochin,COKB1,CJBT1
680703,Cochin,COKB1,CJBT1
680721,Cochin,COKB1,CJBT1
680732,Cochin,COKB1,CJBT1
680735,Cochin,COKB1,CJBT1
682001,Cochin,COKB1,CJBT1
682002,Cochin,COKB1,CJBT1
682004,Cochin,COKB1,CJBT1
682006,Cochin,COKB1,CJBT1
682008,Cochin,COKB1,CJBT1
682307,Cochin,COKB1,CJBT1
682308,Cochin,COKB1,CJBT1
682311,Cochin,COKB1,CJBT1
682314,Cochin,COKB1,CJBT1
682315,Cochin,COKB1,CJBT1
682316,Cochin,COKB1,CJBT1
682503,Cochin,COKB1,CJBT1
682507,Cochin,COKB1,CJBT1
682509,Cochin,COKB1,CJBT1
683544,Cochin,COKB1,CJBT1
683549,Cochin,COKB1,CJBT1
683550,Cochin,COKB1,CJBT1
683574,Cochin,COKB1,CJBT1
683581,Cochin,COKB1,CJBT1
685511,Kottayam,KTYB1,CJBT1
685514,Kottayam,KTYB1,CJBT1
685515,Kottayam,KTYB1,CJBT1
685561,Kottayam,KTYB1,CJBT1
685584,Kottayam,COKB1,CJBT1
685585,Kottayam,KTYB1,CJBT1
685586,Kottayam,KTYB1,CJBT1
685587,Kottayam,KTYB1,CJBT1
685590,Kottayam,KTYB1,CJBT1
685591,Kottayam,KTYB1,CJBT1
685595,Kottayam,KTYB1,CJBT1
685602,Kottayam,COKB1,CJBT1
685607,Kottayam,KTYB1,CJBT1
685608,Kottayam,KTYB1,CJBT1
685612,Kottayam,COKB1,CJBT1
685618,Kottayam,KTYB1,CJBT1
686121,Kottayam,KTYB1,CJBT1
686141,Cochin,COKB1,CJBT1
686506,Kottayam,KTYB1,CJBT1
686507,Kottayam,KTYB1,CJBT1
686513,Kottayam,KTYB1,CJBT1
686517,Kottayam,KTYB1,CJBT1
686522,Kottayam,KTYB1,CJBT1
686541,Kottayam,KTYB1,CJBT1
686575,Kottayam,KTYB1,CJBT1
686576,Kottayam,KTYB1,CJBT1
686577,Kottayam,KTYB1,CJBT1
686578,Kottayam,KTYB1,CJBT1
686604,Kottayam,KTYB1,CJBT1
686605,Cochin,COKB1,CJBT1
686606,Cochin,COKB1,CJBT1
686609,Cochin,COKB1,CJBT1
686613,Kottayam,KTYB1,CJBT1
686634,Kottayam,KTYB1,CJBT1
686652,Kottayam,KTYB1,CJBT1
686661,Cochin,COKB1,CJBT1
686662,Cochin,COKB1,CJBT1
686664,Cochin,COKB1,CJBT1
686665,Cochin,COKB1,CJBT1
686667,Cochin,COKB1,CJBT1
686668,Cochin,COKB1,CJBT1
686669,Cochin,COKB1,CJBT1
686670,Cochin,COKB1,CJBT1
686671,Cochin,COKB1,CJBT1
686673,Cochin,COKB1,CJBT1
686674,Cochin,COKB1,CJBT1
686681,Cochin,COKB1,CJBT1
686691,Cochin,COKB1,CJBT1
686693,Cochin,COKB1,CJBT1
688001,Kottayam,KTYB1,CJBT1
688002,Kottayam,KTYB1,CJBT1
688003,Kottayam,KTYB1,CJBT1
688004,Kottayam,KTYB1,CJBT1
688005,Kottayam,KTYB1,CJBT1
688006,Kottayam,KTYB1,CJBT1
688007,Kottayam,KTYB1,CJBT1
688008,Kottayam,KTYB1,CJBT1
688009,Kottayam,KTYB1,CJBT1
688011,Kottayam,KTYB1,CJBT1
688012,Kottayam,COKB1,CJBT1
688521,Kottayam,KTYB1,CJBT1
688522,Kottayam,KTYB1,CJBT1
688523,Kottayam,KTYB1,CJBT1
688524,Kottayam,KTYB1,CJBT1
688525,Kottayam,KTYB1,CJBT1
688526,Cochin,COKB1,CJBT1
688529,Cochin,COKB1,CJBT1
688531,Cochin,COKB1,CJBT1
688532,Cochin,COKB1,CJBT1
688533,Cochin,COKB1,CJBT1
688534,Cochin,COKB1,CJBT1
688537,Cochin,COKB1,CJBT1
688538,Kottayam,KTYB1,CJBT1
688541,Cochin,COKB1,CJBT1
688562,Kottayam,KTYB1,CJBT1
688582,Kottayam,KTYB1,CJBT1
689101,Kottayam,KTYB1,CJBT1
689105,Kottayam,KTYB1,CJBT1
689106,Kottayam,KTYB1,CJBT1
689108,Kottayam,KTYB1,CJBT1
689123,Kottayam,KTYB1,CJBT1
689124,Kottayam,KTYB1,CJBT1
689501,Kottayam,KTYB1,CJBT1
689504,Kottayam,KTYB1,CJBT1
689509,Kottayam,KTYB1,CJBT1
689510,Kottayam,KTYB1,CJBT1
689513,Kottayam,KTYB1,CJBT1
689543,Kottayam,KTYB1,CJBT1
689545,Kottayam,KTYB1,CJBT1
689572,Kottayam,KTYB1,CJBT1
689582,Kottayam,KTYB1,CJBT1
689585,Kottayam,KTYB1,CJBT1
689586,Kottayam,KTYB1,CJBT1
689613,Kottayam,KTYB1,CJBT1
689615,Kottayam,KTYB1,CJBT1
689621,Kottayam,KTYB1,CJBT1
689622,Kottayam,KTYB1,CJBT1
689624,Kottayam,KTYB1,CJBT1
689641,Kottayam,KTYB1,CJBT1
689643,Kottayam,KTYB1,CJBT1
689645,Kottayam,KTYB1,CJBT1
689646,Kottayam,KTYB1,CJBT1
689653,Kottayam,KTYB1,CJBT1
689662,Kottayam,KTYB1,CJBT1
689672,Kottayam,KTYB1,CJBT1
689673,Kottayam,KTYB1,CJBT1
689678,Kottayam,KTYB1,CJBT1
689691,Kottayam,KTYB1,CJBT1
689695,Kollam,QLNB1,CJBT1
689698,Kottayam,KTYB1,CJBT1
689711,Kottayam,KTYB1,CJBT1
690101,Kottayam,KTYB1,CJBT1
690102,Kottayam,KTYB1,CJBT1
690103,Kottayam,KTYB1,CJBT1
690106,Kottayam,KTYB1,CJBT1
690110,Kottayam,KTYB1,CJBT1
690503,Kottayam,KTYB1,CJBT1
690504,Kottayam,KTYB1,CJBT1
690508,Kottayam,KTYB1,CJBT1
690512,Kottayam,KTYB1,CJBT1
690513,Kottayam,KTYB1,CJBT1
690514,Kottayam,KTYB1,CJBT1
690518,Kollam,QLNB1,CJBT1
690520,Kollam,QLNB1,CJBT1
690521,Kollam,QLNB1,CJBT1
690523,Kollam,QLNB1,CJBT1
690524,Kollam,QLNB1,CJBT1
690527,Kottayam,KTYB1,CJBT1
690530,Kottayam,KTYB1,CJBT1
690533,Kottayam,KTYB1,CJBT1
690536,Kollam,QLNB1,CJBT1
690548,Kottayam,KTYB1,CJBT1
690558,Kottayam,KTYB1,CJBT1
690561,Kollam,QLNB1,CJBT1
690572,Kottayam,KTYB1,CJBT1
690573,Kollam,QLNB1,CJBT1
691305,Kollam,QLNB1,CJBT1
691306,Kollam,QLNB1,CJBT1
691310,Kollam,QLNB1,CJBT1
691312,Kollam,QLNB1,CJBT1
691505,Kollam,QLNB1,CJBT1
691506,Kollam,QLNB1,CJBT1
691507,Kollam,QLNB1,CJBT1
691520,Kollam,QLNB1,CJBT1
691523,Kottayam,KTYB1,CJBT1
691532,Kollam,QLNB1,CJBT1
691534,Kollam,QLNB1,CJBT1
691554,Kottayam,KTYB1,CJBT1
691583,Kollam,QLNB1,CJBT1
695101,Trivandrum,TRVB1,CJBT1
695121,Trivandrum,TRVB1,CJBT1
695132,Trivandrum,TRVB1,CJBT1
695133,Trivandrum,TRVB1,CJBT1
695306,Trivandrum,TRVB1,CJBT1
695311,Trivandrum,TRVB1,CJBT1
695313,Trivandrum,TRVB1,CJBT1
695502,Trivandrum,TRVB1,CJBT1
695504,Trivandrum,TRVB1,CJBT1
695505,Trivandrum,TRVB1,CJBT1
695506,Trivandrum,TRVB1,CJBT1
695512,Trivandrum,TRVB1,CJBT1
695542,Trivandrum,TRVB1,CJBT1
695562,Trivandrum,TRVB1,CJBT1
695572,Trivandrum,TRVB1,CJBT1
695575,Trivandrum,TRVB1,CJBT1
695601,Trivandrum,TRVB1,CJBT1
695604,Trivandrum,TRVB1,CJBT1
695605,Trivandrum,TRVB1,CJBT1
695607,Trivandrum,TRVB1,CJBT1
695610,Trivandrum,TRVB1,CJBT1
121106,Palwal,DELPL,DELT1
121107,Faridabad,DELPL,DELT1
122103,Gurgaon,DELBG,DELT1
122508,Gurgaon,DELPL,DELT1
123302,Jamalpur_Delivery,DELT2,DELT1
124022,Rohtak,ROKB1,DELT1
124103,Rohtak,DELT2,DELT1
124106,Rohtak,DELT2,DELT1
124108,Jamalpur_Delivery,DELT2,DELT1
124111,Rohtak,ROKB1,DELT1
124112,Rohtak,ROKB1,DELT1
124113,Rohtak,ROKB1,DELT1
124507,Delhi North (Peeragarhi),DELT2,DELT1
124514,Rohtak,ROKB1,DELT1
125033,Hisar,HSRB1,DELT1
125050,Hisar,HSRB1,DELT1
125051,Hisar,HSRB1,DELT1
125052,Hisar,HSRB1,DELT1
125053,Hisar,HSRB1,DELT1
125055,Hisar,HSRB1,DELT1
125060,Hisar,HSRB1,DELT1
125102,Hisar,HSRB1,DELT1
125103,Hisar,HSRB1,DELT1
125104,Hisar,HSRB1,DELT1
125106,Hisar,HSRB1,DELT1
125111,Hisar,HSRB1,DELT1
125113,Hisar,HSRB1,DELT1
125120,Hisar,HSRB1,DELT1
125121,Hisar,HSRB1,DELT1
125201,Hisar,HSRB1,DELT1
126101,Rohtak,ROKB1,DELT1
127040,bhiwani,BNWB1,DELT1
127046,Hisar,HSRB1,DELT1
127201,bhiwani,BNWB1,DELT1
127306,bhiwani,BNWB1,DELT1
127308,bhiwani,BNWB1,DELT1
127310,bhiwani,BNWB1,DELT1
131039,Sonipat,SNPB1,DELT1
131101,Sonipat,SNPB1,DELT1
131102,Sonipat,SNPB1,DELT1
131301,Sonipat,SNPB1,DELT1
131305,Sonipat,SNPB1,DELT1
131306,Sonipat,SNPB1,DELT1
131402,Sonipat,SNPB1,DELT1
131408,Sonipat,SNPB1,DELT1
250101,Sonipat,SNPB1,DELT1
250609,Sonipat,SNPB1,DELT1
250611,Sonipat,SNPB1,DELT1
301020,Alwar,DELT2,DELT1
301021,Alwar,DELT2,DELT1
301022,Alwar,DELT2,DELT1
301024,Alwar,DELT2,DELT1
301026,Alwar,DELT2,DELT1
301027,Alwar,DELT2,DELT1
301401,Alwar,DELT2,DELT1
301402,Alwar,DELT2,DELT1
301403,Alwar,DELT2,DELT1
301404,Alwar,DELT2,DELT1
301407,Alwar,DELT2,DELT1
301409,Alwar,DELT2,DELT1
301411,Bhiwadi,DELT2,DELT1
301412,Alwar,DELT2,DELT1
301427,Alwar,DELT2,DELT1
301604,Alwar,DELT2,DELT1
301701,Bawal,DELT2,DELT1
301705,Bawal,DELT2,DELT1
321024,Alwar,DELT2,DELT1
321203,Alwar,DELT2,DELT1
321205,Alwar,DELT2,DELT1
321606,Alwar,DELT2,DELT1
321607,Alwar,DELT2,DELT1
733202,Siliguri,NJPT1,GAUT1
733208,Siliguri,NJPT1,GAUT1
733210,Siliguri,NJPT1,GAUT1
734101,Siliguri,NJPT1,GAUT1
734102,Siliguri,NJPT1,GAUT1
734104,Siliguri,NJPT1,GAUT1
734203,Siliguri,NJPT1,GAUT1
734223,Siliguri 2,NJPT1,GAUT1
734301,Siliguri,NJPT1,GAUT1
734426,Siliguri,NJPT1,GAUT1
734429,Siliguri,NJPT1,GAUT1
734501,Jalpaiguri,NJPT1,GAUT1
735101,Jalpaiguri,NJPT1,GAUT1
735102,Jalpaiguri,NJPT1,GAUT1
735121,Jalpaiguri,NJPT1,GAUT1
735204,Cooch Behar,COHB1,GAUT1
735206,Siliguri,NJPT1,GAUT1
735208,Cooch Behar,COHB1,GAUT1
735211,Cooch Behar,COHB1,GAUT1
735214,Cooch Behar,COHB1,GAUT1
735215,Cooch Behar,COHB1,GAUT1
735216,Cooch Behar,COHB1,GAUT1
735217,Cooch Behar,COHB1,GAUT1
735220,Cooch Behar,COHB1,GAUT1
735228,Cooch Behar,COHB1,GAUT1
735232,Siliguri,NJPT1,GAUT1
736121,Cooch Behar,COHB1,GAUT1
736122,Cooch Behar,COHB1,GAUT1
736123,Cooch Behar,COHB1,GAUT1
736135,Cooch Behar,COHB1,GAUT1
736145,Cooch Behar,COHB1,GAUT1
736146,Cooch Behar,COHB1,GAUT1
736159,Cooch Behar,COHB1,GAUT1
736182,Cooch Behar,COHB1,GAUT1
736202,Cooch Behar,COHB1,GAUT1
736204,Cooch Behar,COHB1,GAUT1
736208,Cooch Behar,COHB1,GAUT1
781015,Guwahati,GAUT1,GAUT1
781103,Guwahati,GAUT1,GAUT1
781104,Guwahati,GAUT1,GAUT1
781121,Guwahati,GAUT1,GAUT1
781122,Guwahati,GAUT1,GAUT1
781123,Guwahati_Extended ODA,GAUT1,GAUT1
781124,Guwahati 2,GAUT1,GAUT1
781125,Guwahati,GAUT1,GAUT1
781126,Guwahati 2,GAUT1,GAUT1
781128,Guwahati,GAUT1,GAUT1
781131,Guwahati_Extended ODA,GAUT1,GAUT1
781132,Guwahati,GAUT1,GAUT1
781134,Guwahati,GAUT1,GAUT1
781301,Bongaigaon,BNGB1,GAUT1
781308,Bongaigaon,BNGB1,GAUT1
781309,Bongaigaon,BNGB1,GAUT1
781313,Bongaigaon,BNGB1,GAUT1
781315,Bongaigaon,BNGB1,GAUT1
781316,Bongaigaon,BNGB1,GAUT1
781317,Bongaigaon,BNGB1,GAUT1
781321,Bongaigaon,BNGB1,GAUT1
781325,Bongaigaon,BNGB1,GAUT1
781334,Guwahati 2,GAUT1,GAUT1
781335,Guwahati,GAUT1,GAUT1
781337,Guwahati 2,GAUT1,GAUT1
781354,Guwahati 2,GAUT1,GAUT1
781378,Guwahati,GAUT1,GAUT1
781380,Guwahati 2,GAUT1,GAUT1
781381,Guwahati,GAUT1,GAUT1
782105,Nagaon,NGAB1,GAUT1
782126,Nagaon,NGAB1,GAUT1
782137,Nagaon,NGAB1,GAUT1
782138,Nagaon,NGAB1,GAUT1
782139,Nagaon,NGAB1,GAUT1
782140,Nagaon,NGAB1,GAUT1
782402,Guwahati_East,GAUB1,GAUT1
782403,Guwahati_East,GAUB1,GAUT1
782410,Nagaon,NGAB1,GAUT1
782435,Nagaon,NGAB1,GAUT1
782439,Nagaon,NGAB1,GAUT1
782440,Nagaon,NGAB1,GAUT1
782441,Nagaon,NGAB1,GAUT1
782445,Nagaon,NGAB1,GAUT1
782447,Nagaon,NGAB1,GAUT1
782460,Nagaon,NGAB1,GAUT1
782461,Nagaon,NGAB1,GAUT1
782462,Nagaon,NGAB1,GAUT1
782480,Nagaon,NGAB1,GAUT1
783101,Bongaigaon,BNGB1,GAUT1
783130,Bongaigaon,BNGB1,GAUT1
783135,Bongaigaon,BNGB1,GAUT1
783301,Bongaigaon,BNGB1,GAUT1
783324,Bongaigaon,BNGB1,GAUT1
783335,Bongaigaon,BNGB1,GAUT1
783339,Bongaigaon,BNGB1,GAUT1
783345,Bongaigaon,BNGB1,GAUT1
783348,Bongaigaon,BNGB1,GAUT1
783360,Bongaigaon,BNGB1,GAUT1
783361,Bongaigaon,BNGB1,GAUT1
783370,Bongaigaon,BNGB1,GAUT1
783371,Bongaigaon,BNGB1,GAUT1
783372,Bongaigaon,BNGB1,GAUT1
783390,Bongaigaon,BNGB1,GAUT1
783392,Bongaigaon,BNGB1,GAUT1
784102,Tezpur,TEZB1,GAUT1
784104,Tezpur,TEZB1,GAUT1
784110,Tezpur,TEZB1,GAUT1
784116,Guwahati,GAUT1,GAUT1
784117,Tezpur,TEZB1,GAUT1
784125,Guwahati_East,GAUT1,GAUT1
784144,Guwahati 2,GAUT1,GAUT1
784176,Tezpur,TEZB1,GAUT1
784506,Tezpur,TEZB1,GAUT1
785014,Jorhat,JRHB1,GAUT1
785112,Jorhat,JRHB1,GAUT1
785634,Jorhat,JRHB1,GAUT1
785699,Jorhat,JRHB1,GAUT1
786151,Tinsukia,TSKB1,GAUT1
786152,Tinsukia,TSKB1,GAUT1
786171,Tinsukia,TSKB1,GAUT1
786181,Tinsukia,TSKB1,GAUT1
786190,Tinsukia,TSKB1,GAUT1
786601,Tinsukia,TSKB1,GAUT1
786623,Tinsukia,TSKB1,GAUT1
788030,Silchar,SCLB1,GAUT1
788151,Silchar,SCLB1,GAUT1
788155,Silchar,SCLB1,GAUT1
788709,Silchar,SCLB1,GAUT1
788710,Silchar,SCLB1,GAUT1
788711,Silchar,SCLB1,GAUT1
788712,Silchar,SCLB1,GAUT1
788722,Silchar,SCLB1,GAUT1
788815,Silchar,SCLB1,GAUT1
788817,Silchar,SCLB1,GAUT1
788818,Nagaon,NGAB1,GAUT1
788819,Nagaon,NGAB1,GAUT1
793012,Shillong,SHLB1,GAUT1
793016,Shillong,SHLB1,GAUT1
793021,Shillong,SHLB1,GAUT1
793115,Shillong,SHLB1,GAUT1
799120,Agartala,IXAB1,GAUT1
799131,Agartala,IXAB1,GAUT1
799150,Agartala,IXAB1,GAUT1
799211,Agartala,IXAB1,GAUT1
799250,Agartala,IXAB1,GAUT1
799253,Agartala,IXAB1,GAUT1
799277,Agartala,IXAB1,GAUT1
799281,Agartala,IXAB1,GAUT1
799289,Agartala,IXAB1,GAUT1
500021,Secunderabad,HYDBE,HYDT1
500071,Hyderabad,HYDBB,HYDT1
500085,Balanagar,HYDBB,HYDT1
501203,Patancheru,PTRB1,HYDT1
501301,Uppal 2,HYDBB,HYDT1
501503,Shamshabad,HYDBS,HYDT1
501506,Shamshabad,HYDBE,HYDT1
501509,Uppal_Extended ODA,HYDBE,HYDT1
501510,Uppal,HYDBE,HYDT1
502103,Karimnagar,KRMB1,HYDT1
502108,Karimnagar,KRMB1,HYDT1
502110,Patancheru,HYDBK,HYDT1
502210,Patancheru,PTRB1,HYDT1
502220,Patancheru,PTRB1,HYDT1
502228,Patancheru,PTRB1,HYDT1
502273,Patancheru,PTRB1,HYDT1
502281,North_Hyderabad,HYDBK,HYDT1
502285,Patancheru,PTRB1,HYDT1
502286,Patancheru,PTRB1,HYDT1
502291,Patancheru,PTRB1,HYDT1
502295,Patancheru,PTRB1,HYDT1
502302,Patancheru,PTRB1,HYDT1
502321,Patancheru,PTRB1,HYDT1
502334,North_Hyderabad,HYDBK,HYDT1
502336,North_Hyderabad,HYDBK,HYDT1
503001,Nizamabad,NZBB1,HYDT1
503002,Nizamabad,NZBB1,HYDT1
503003,Nizamabad,NZBB1,HYDT1
503110,Nizamabad,NZBB1,HYDT1
503111,Nizamabad,NZBB1,HYDT1
503120,Nizamabad,NZBB1,HYDT1
503145,Nizamabad,NZBB1,HYDT1
503164,Nizamabad,NZBB1,HYDT1
503165,Nizamabad,NZBB1,HYDT1
503212,Nizamabad,NZBB1,HYDT1
503224,Nizamabad,NZBB1,HYDT1
503245,Nizamabad,NZBB1,HYDT1
503306,Nizamabad,NZBB1,HYDT1
503307,Nizamabad,NZBB1,HYDT1
503309,Nizamabad,NZBB1,HYDT1
505101,Karimnagar,KRMB1,HYDT1
505102,Karimnagar,KRMB1,HYDT1
505122,Karimnagar,KRMB1,HYDT1
505172,Karimnagar,KRMB1,HYDT1
505184,Karimnagar,KRMB1,HYDT1
505209,Karimnagar,KRMB1,HYDT1
505210,Karimnagar,KRMB1,HYDT1
505212,Karimnagar,KRMB1,HYDT1
505301,Karimnagar,KRMB1,HYDT1
505302,Karimnagar,KRMB1,HYDT1
505305,Karimnagar,KRMB1,HYDT1
505325,Karimnagar,KRMB1,HYDT1
505326,Karimnagar,KRMB1,HYDT1
505327,Karimnagar,KRMB1,HYDT1
505331,Karimnagar,KRMB1,HYDT1
505402,Karimnagar,KRMB1,HYDT1
505404,Karimnagar,KRMB1,HYDT1
505416,Karimnagar,KRMB1,HYDT1
505425,Karimnagar,KRMB1,HYDT1
505468,Karimnagar,KRMB1,HYDT1
505501,Karimnagar,KRMB1,HYDT1
506101,Warangal,WRLB1,HYDT1
506112,Warangal,WRLB1,HYDT1
506132,Warangal,WRLB1,HYDT1
506164,Warangal,WRLB1,HYDT1
506167,Warangal,WRLB1,HYDT1
506168,Warangal,WRLB1,HYDT1
506169,Warangal,WRLB1,HYDT1
506244,Warangal,WRLB1,HYDT1
506303,Warangal,WRLB1,HYDT1
506332,Warangal,WRLB1,HYDT1
506349,Warangal,WRLB1,HYDT1
506356,Warangal,WRLB1,HYDT1
506368,Warangal,WRLB1,HYDT1
506381,Warangal,WRLB1,HYDT1
507001,Warangal,WRLB1,HYDT1
507002,Warangal,WRLB1,HYDT1
507003,Warangal,WRLB1,HYDT1
507101,Warangal,WRLB1,HYDT1
507111,Warangal,WRLB1,HYDT1
507114,Warangal,WRLB1,HYDT1
507115,Warangal,WRLB1,HYDT1
507117,Warangal,WRLB1,HYDT1
507120,Warangal,WRLB1,HYDT1
507123,Warangal,WRLB1,HYDT1
507128,Warangal,WRLB1,HYDT1
507140,Warangal,WRLB1,HYDT1
507165,Warangal,WRLB1,HYDT1
507301,Warangal,WRLB1,HYDT1
507302,Warangal,WRLB1,HYDT1
507303,Warangal,WRLB1,HYDT1
508112,Uppal_Extended ODA,HYDBE,HYDT1
508116,Hyderabad,HYDBE,HYDT1
508126,Uppal,HYDBE,HYDT1
508245,Uppal_Extended ODA,HYDBE,HYDT1
508252,Uppal,HYDBE,HYDT1
508286,Uppal_Extended ODA,HYDBE,HYDT1
509202,Mahbubnagar,MBRB1,HYDT1
509209,Mahbubnagar,MBRB1,HYDT1
509217,Shamshabad,HYDBS,HYDT1
509228,Shamshabad,HYDBS,HYDT1
509320,Mahbubnagar,MBRB1,HYDT1
509325,Uppal_Extended ODA,HYDBS,HYDT1
515110,Anantapur,ATPB1,HYDT1
515134,Anantapur,ATPB1,HYDT1
515164,Anantapur,ATPB1,HYDT1
515201,Anantapur,ATPB1,HYDT1
515211,Anantapur,ATPB1,HYDT1
515231,Anantapur,ATPB1,HYDT1
515241,Anantapur,ATPB1,HYDT1
515401,Anantapur,ATPB1,HYDT1
515402,Anantapur,ATPB1,HYDT1
515408,Anantapur,ATPB1,HYDT1
515411,Anantapur,ATPB1,HYDT1
515425,Anantapur,ATPB1,HYDT1
515511,Anantapur,ATPB1,HYDT1
515521,Anantapur,ATPB1,HYDT1
515551,Anantapur,ATPB1,HYDT1
515571,Anantapur,ATPB1,HYDT1
515591,Anantapur,ATPB1,HYDT1
515601,Anantapur,ATPB1,HYDT1
515661,Anantapur,ATPB1,HYDT1
515671,Anantapur,ATPB1,HYDT1
515711,Anantapur,ATPB1,HYDT1
515761,Anantapur,ATPB1,HYDT1
515765,Anantapur,ATPB1,HYDT1
515775,Anantapur,ATPB1,HYDT1
515801,Anantapur,ATPB1,HYDT1
515832,Anantapur,ATPB1,HYDT1
515865,Anantapur,ATPB1,HYDT1
516101,Kadapa,CDPB1,HYDT1
516105,Kadapa,CDPB1,HYDT1
516115,Kadapa,CDPB1,HYDT1
516126,Kadapa,CDPB1,HYDT1
516130,Kadapa,CDPB1,HYDT1
516172,Kadapa,CDPB1,HYDT1
516193,Kadapa,CDPB1,HYDT1
516227,Kadapa,CDPB1,HYDT1
516247,Kadapa,CDPB1,HYDT1
516257,Kadapa,CDPB1,HYDT1
516269,Kadapa,CDPB1,HYDT1
516293,Kadapa,CDPB1,HYDT1
516309,Kadapa,CDPB1,HYDT1
516311,Kadapa,CDPB1,HYDT1
516349,Kadapa,CDPB1,HYDT1
516350,Kadapa,CDPB1,HYDT1
516360,Kadapa,CDPB1,HYDT1
516361,Kadapa,CDPB1,HYDT1
516362,Kadapa,CDPB1,HYDT1
516434,Kadapa,CDPB1,HYDT1
516454,Kadapa,CDPB1,HYDT1
516503,Kadapa,CDPB1,HYDT1
518002,Kurnool,KUNB1,HYDT1
518010,Kurnool,KUNB1,HYDT1
518124,Kurnool,KUNB1,HYDT1
518134,Kurnool,KUNB1,HYDT1
518216,Kurnool,KUNB1,HYDT1
518222,Kurnool,KUNB1,HYDT1
518301,Kurnool,KUNB1,HYDT1
518302,Kurnool,KUNB1,HYDT1
518360,Kurnool,KUNB1,HYDT1
518401,Kurnool,KUNB1,HYDT1
518422,Kurnool,KUNB1,HYDT1
518501,Kurnool,KUNB1,HYDT1
518508,Kurnool,KUNB1,HYDT1
518510,Kurnool,KUNB1,HYDT1
518543,Kurnool,KUNB1,HYDT1
518594,Kurnool,KUNB1,HYDT1
518599,Kurnool,KUNB1,HYDT1
521002,Vijayawada_Extended ODA,VGAB1,HYDT1
521105,Vijayawada,VGAB1,HYDT1
521106,Vijayawada,VGAB1,HYDT1
521111,Vijayawada,VGAB1,HYDT1
521134,Vijayawada,VGAB1,HYDT1
521135,Vijayawada,VGAB1,HYDT1
521157,Vijayawada,VGAB1,HYDT1
521175,Vijayawada,VGAB1,HYDT1
521178,Vijayawada,VGAB1,HYDT1
521180,Vijayawada_Extended ODA,VGAB1,HYDT1
521181,Vijayawada_Extended ODA,VGAB1,HYDT1
521185,Vijayawada_Extended ODA,VGAB1,HYDT1
521201,Vijayawada,VGAB1,HYDT1
521215,Vijayawada_Extended ODA,VGAB1,HYDT1
521228,Vijayawada,VGAB1,HYDT1
521229,Vijayawada,VGAB1,HYDT1
521230,Vijayawada,VGAB1,HYDT1
521235,Vijayawada,VGAB1,HYDT1
521301,Vijayawada,VGAB1,HYDT1
521327,Vijayawada,VGAB1,HYDT1
521366,Vijayawada_Extended ODA,VGAB1,HYDT1
521456,Vijayawada_Extended ODA,VGAB1,HYDT1
521457,Vijayawada,VGAB1,HYDT1
522001,Vijayawada_Extended ODA,VGAB1,HYDT1
522002,Vijayawada_Extended ODA,VGAB1,HYDT1
522003,Vijayawada_Extended ODA,VGAB1,HYDT1
522004,Vijayawada_Extended ODA,VGAB1,HYDT1
522005,Vijayawada_Extended ODA,VGAB1,HYDT1
522006,Vijayawada_Extended ODA,VGAB1,HYDT1
522007,Vijayawada_Extended ODA,VGAB1,HYDT1
522009,Vijayawada_Extended ODA,VGAB1,HYDT1
522017,Vijayawada_Extended ODA,VGAB1,HYDT1
522019,Vijayawada_Extended ODA,VGAB1,HYDT1
522020,Vijayawada_Extended ODA,VGAB1,HYDT1
522034,Vijayawada_Extended ODA,VGAB1,HYDT1
522101,Guntur,VGAB1,HYDT1
522124,Vijayawada,VGAB1,HYDT1
522201,Vijayawada_Extended ODA,VGAB1,HYDT1
522202,Vijayawada_Extended ODA,VGAB1,HYDT1
522212,Vijayawada_Extended ODA,VGAB1,HYDT1
522213,Vijayawada_Extended ODA,VGAB1,HYDT1
522233,Vijayawada,VGAB1,HYDT1
522237,Vijayawada,VGAB1,HYDT1
522256,Vijayawada_Extended ODA,VGAB1,HYDT1
522257,Vijayawada_Extended ODA,VGAB1,HYDT1
522259,Vijayawada_Extended ODA,VGAB1,HYDT1
522265,Vijayawada_Extended ODA,VGAB1,HYDT1
522311,Vijayawada,VGAB1,HYDT1
522314,Vijayawada,VGAB1,HYDT1
522325,Vijayawada_Extended ODA,VGAB1,HYDT1
522329,Vijayawada,VGAB1,HYDT1
522330,Vijayawada,VGAB1,HYDT1
522403,Vijayawada,VGAB1,HYDT1
522413,Vijayawada,VGAB1,HYDT1
522436,Vijayawada_Extended ODA,VGAB1,HYDT1
522503,Vijayawada,VGAB1,HYDT1
522508,Vijayawada,VGAB1,HYDT1
522529,Vijayawada,VGAB1,HYDT1
522601,Vijayawada,VGAB1,HYDT1
522616,Vijayawada,VGAB1,HYDT1
522649,Vijayawada,VGAB1,HYDT1
523155,Vijayawada,VGAB1,HYDT1
523157,Vijayawada,VGAB1,HYDT1
523167,Vijayawada,VGAB1,HYDT1
523301,Vijayawada,VGAB1,HYDT1
530041,Visakhapatnam,VTZB1,HYDT1
530043,Vishakhapatnam 2,VTZB1,HYDT1
530045,Vishakhapatnam 2,VTZB1,HYDT1
530048,Vishakhapatnam 2,VTZB1,HYDT1
531002,Visakhapatnam,VTZB1,HYDT1
531011,Visakhapatnam,VTZB1,HYDT1
531024,Visakhapatnam,VTZB1,HYDT1
531031,Visakhapatnam,VTZB1,HYDT1
531055,Visakhapatnam,VTZB1,HYDT1
531061,Vishakhapatnam 2,VTZB1,HYDT1
531081,Vishakhapatnam_Extended ODA,VTZB1,HYDT1
531126,Visakhapatnam,VTZB1,HYDT1
531162,Vishakhapatnam_Extended ODA,VTZB1,HYDT1
531163,Vishakhapatnam 2,VTZB1,HYDT1
531173,Vishakhapatnam 2,VTZB1,HYDT1
532127,Srikakulam,SKMB1,HYDT1
532201,Srikakulam,SKMB1,HYDT1
532203,Srikakulam,SKMB1,HYDT1
532221,Srikakulam,SKMB1,HYDT1
532222,Srikakulam,SKMB1,HYDT1
532242,Srikakulam,SKMB1,HYDT1
532263,Srikakulam,SKMB1,HYDT1
532284,Srikakulam,SKMB1,HYDT1
532312,Srikakulam,SKMB1,HYDT1
532426,Srikakulam,SKMB1,HYDT1
532440,Srikakulam,SKMB1,HYDT1
532455,Srikakulam,SKMB1,HYDT1
532459,Srikakulam,SKMB1,HYDT1
533001,Rajahmundry,RJAB1,HYDT1
533107,Rajahmundry,RJAB1,HYDT1
533125,Rajahmundry,RJAB1,HYDT1
533126,Rajahmundry,RJAB1,HYDT1
533201,Rajahmundry,RJAB1,HYDT1
533238,Rajahmundry,RJAB1,HYDT1
533239,Rajahmundry,RJAB1,HYDT1
533240,Rajahmundry,RJAB1,HYDT1
533255,Rajahmundry,RJAB1,HYDT1
533274,Rajahmundry,RJAB1,HYDT1
533285,Rajahmundry,RJAB1,HYDT1
533287,Rajahmundry,RJAB1,HYDT1
533289,Rajahmundry,RJAB1,HYDT1
533291,Rajahmundry,RJAB1,HYDT1
533294,Rajahmundry,RJAB1,HYDT1
533296,Rajahmundry,RJAB1,HYDT1
533308,Rajahmundry,RJAB1,HYDT1
533341,Rajahmundry,RJAB1,HYDT1
533342,Rajahmundry,RJAB1,HYDT1
533344,Rajahmundry,RJAB1,HYDT1
533401,Rajahmundry,RJAB1,HYDT1
533406,Rajahmundry,RJAB1,HYDT1
533433,Rajahmundry,RJAB1,HYDT1
533434,Rajahmundry,RJAB1,HYDT1
533437,Rajahmundry,RJAB1,HYDT1
533440,Rajahmundry,RJAB1,HYDT1
533450,Rajahmundry,RJAB1,HYDT1
533462,Rajahmundry,RJAB1,HYDT1
534001,Vijayawada,VGAB1,HYDT1
534002,Vijayawada,VGAB1,HYDT1
534004,Vijayawada_Extended ODA,VGAB1,HYDT1
534005,Vijayawada_Extended ODA,VGAB1,HYDT1
534006,Vijayawada,VGAB1,HYDT1
534007,Vijayawada,VGAB1,HYDT1
534101,Rajahmundry,RJAB1,HYDT1
534122,Rajahmundry,RJAB1,HYDT1
534198,Rajahmundry,RJAB1,HYDT1
534201,Rajahmundry,RJAB1,HYDT1
534202,Rajahmundry,RJAB1,HYDT1
534208,Vijayawada,VGAB1,HYDT1
534211,Rajahmundry,RJAB1,HYDT1
534215,Vijayawada,VGAB1,HYDT1
534216,Vijayawada,VGAB1,HYDT1
534235,Vijayawada,VGAB1,HYDT1
534239,Vijayawada,VGAB1,HYDT1
534245,Vijayawada,VGAB1,HYDT1
534247,Vijayawada,VGAB1,HYDT1
534260,Rajahmundry,RJAB1,HYDT1
534265,Vijayawada,VGAB1,HYDT1
534275,Rajahmundry,RJAB1,HYDT1
534301,Rajahmundry,RJAB1,HYDT1
534313,Rajahmundry,RJAB1,HYDT1
534316,Rajahmundry,RJAB1,HYDT1
534318,Vijayawada,VGAB1,HYDT1
534320,Rajahmundry,RJAB1,HYDT1
534328,Rajahmundry,RJAB1,HYDT1
534330,Vijayawada,VGAB1,HYDT1
534341,Vijayawada,VGAB1,HYDT1
534342,Vijayawada,VGAB1,HYDT1
534406,Vijayawada,VGAB1,HYDT1
534425,Rajahmundry,RJAB1,HYDT1
534447,Rajahmundry,RJAB1,HYDT1
534448,Vijayawada,VGAB1,HYDT1
534450,Vijayawada_Extended ODA,VGAB1,HYDT1
534475,Vijayawada_Extended ODA,VGAB1,HYDT1
535006,Vishakhapatnam 2,VTZB1,HYDT1
535128,Srikakulam,SKMB1,HYDT1
535145,Visakhapatnam,VTZB1,HYDT1
535161,Visakhapatnam,VTZB1,HYDT1
535183,Visakhapatnam,VTZB1,HYDT1
535204,Srikakulam,SKMB1,HYDT1
535216,Srikakulam,SKMB1,HYDT1
535221,Srikakulam,SKMB1,HYDT1
535240,Srikakulam,SKMB1,HYDT1
535250,Srikakulam,SKMB1,HYDT1
535270,Visakhapatnam,VTZB1,HYDT1
535501,Srikakulam,SKMB1,HYDT1
535522,Srikakulam,SKMB1,HYDT1
535525,Srikakulam,SKMB1,HYDT1
535547,Srikakulam,SKMB1,HYDT1
535558,Srikakulam,SKMB1,HYDT1
535573,Srikakulam,SKMB1,HYDT1
450001,Indore,IDRT1,IDRT1
450445,Indore,IDRT1,IDRT1
450551,Indore,IDRT1,IDRT1
450554,Indore,IDRT1,IDRT1
451001,Indore,IDRT1,IDRT1
451111,Indore,IDRT1,IDRT1
451113,Indore,IDRT1,IDRT1
451220,Pithampur_Extended ODA,PTMB1,IDRT1
451224,Pithampur_Extended ODA,IDRT1,IDRT1
451228,Indore,PTMB1,IDRT1
451331,Indore,IDRT1,IDRT1
451447,Indore,IDRT1,IDRT1
451449,Indore,IDRT1,IDRT1
451551,Indore,IDRT1,IDRT1
451660,Indore,IDRT1,IDRT1
451770,Indore,IDRT1,IDRT1
452020,Central Indore,IDRT1,IDRT1
453001,Pithampur,IDRT1,IDRT1
453115,Pithampur,PTMB1,IDRT1
453332,Central Indore,IDRT1,IDRT1
453551,Indore,IDRT1,IDRT1
453552,Indore,IDRT1,IDRT1
453661,Pithampur,PTMB1,IDRT1
454001,Pithampur,PTMB1,IDRT1
454111,Indore,PTMB1,IDRT1
454116,Indore,PTMB1,IDRT1
454221,Indore,PTMB1,IDRT1
454331,Indore,PTMB1,IDRT1
454335,Indore,PTMB1,IDRT1
454441,Indore,PTMB1,IDRT1
454446,Pithampur,PTMB1,IDRT1
454449,Indore,PTMB1,IDRT1
454552,Pithampur_Extended ODA,PTMB1,IDRT1
454660,Indore,PTMB1,IDRT1
454665,Pithampur_Extended ODA,PTMB1,IDRT1
454773,Pithampur,PTMB1,IDRT1
455118,Dewas,IDRT1,IDRT1
455221,Dewas,IDRT1,IDRT1
455336,Indore,IDRT1,IDRT1
455440,Dewas,IDRT1,IDRT1
456224,Ujjain,UJNB1,IDRT1
456331,Ujjain,UJNB1,IDRT1
456665,Ujjain,IDRT1,IDRT1
456770,Ujjain,UJNB1,IDRT1
456776,Ujjain,UJNB1,IDRT1
457114,Ratlam,RTMB1,IDRT1
457226,Ratlam,RTMB1,IDRT1
457333,Ratlam,RTMB1,IDRT1
457339,Ratlam,RTMB1,IDRT1
457661,Ratlam,RTMB1,IDRT1
457779,Ratlam,RTMB1,IDRT1
457887,Indore,IDRT1,IDRT1
458001,Neemuch,NMHB1,IDRT1
458002,Neemuch,NMHB1,IDRT1
458110,Neemuch,NMHB1,IDRT1
458667,Neemuch,NMHB1,IDRT1
461001,Bhopal,BHOB1,IDRT1
461331,Indore,IDRT1,IDRT1
462010,Bhopal,BHOB1,IDRT1
462030,Bhopal_Extended ODA,BHOB1,IDRT1
462031,Bhopal,BHOB1,IDRT1
462036,Bhopal,BHOB1,IDRT1
462037,Bhopal,BHOB1,IDRT1
462044,South West Bhopal,BHOB1,IDRT1
463106,Bhopal,BHOB1,IDRT1
464001,Bhopal,BHOB1,IDRT1
464990,Bhopal,BHOB1,IDRT1
465001,Ujjain,UJNB1,IDRT1
465106,Indore,IDRT1,IDRT1
465110,Ujjain,UJNB1,IDRT1
465227,Ujjain,IDRT1,IDRT1
465441,Ujjain,IDRT1,IDRT1
465445,Ujjain,IDRT1,IDRT1
465447,Ujjain,IDRT1,IDRT1
465550,Ujjain,UJNB1,IDRT1
465667,Bhopal,BHOB1,IDRT1
466445,Bhopal_Extended ODA,BHOB1,IDRT1
466446,Bhopal_Extended ODA,BHOB1,IDRT1
466665,Bhopal_Extended ODA,BHOB1,IDRT1
470881,Jabalpur,JLRB1,IDRT1
471001,Satna,STAB1,IDRT1
473001,Bhopal,BHOB1,IDRT1
473551,Gwalior,GWLB1,IDRT1
473660,Gwalior,GWLB1,IDRT1
473665,Gwalior,GWLB1,IDRT1
473770,Gwalior,GWLB1,IDRT1
473775,Gwalior,GWLB1,IDRT1
473995,Gwalior,GWLB1,IDRT1
474006,Gwalior,GWLB1,IDRT1
475002,Gwalior,GWLB1,IDRT1
475005,Gwalior,GWLB1,IDRT1
475110,Gwalior,GWLB1,IDRT1
475661,Gwalior,GWLB1,IDRT1
476001,Gwalior,GWLB1,IDRT1
476115,Gwalior,GWLB1,IDRT1
476221,Gwalior,GWLB1,IDRT1
476224,Gwalior,GWLB1,IDRT1
476337,Gwalior,GWLB1,IDRT1
477001,Gwalior,GWLB1,IDRT1
477116,Gwalior,GWLB1,IDRT1
477117,Gwalior,GWLB1,IDRT1
477222,Gwalior,GWLB1,IDRT1
477557,Gwalior,GWLB1,IDRT1
480997,Jabalpur,JLRB1,IDRT1
482003,Jabalpur,JLRB1,IDRT1
482021,Jabalpur,JLRB1,IDRT1
483001,Jabalpur,JLRB1,IDRT1
483225,Jabalpur,JLRB1,IDRT1
483442,Jabalpur,JLRB1,IDRT1
483501,Jabalpur,JLRB1,IDRT1
483773,Jabalpur,JLRB1,IDRT1
483880,Jabalpur,JLRB1,IDRT1
484001,Jabalpur,JLRB1,IDRT1
484110,Jabalpur,JLRB1,IDRT1
484117,Jabalpur,JLRB1,IDRT1
484330,Jabalpur,JLRB1,IDRT1
484440,Jabalpur,JLRB1,IDRT1
484446,Jabalpur,JLRB1,IDRT1
484555,Jabalpur,JLRB1,IDRT1
484661,Jabalpur,JLRB1,IDRT1
484886,Jabalpur,JLRB1,IDRT1
485001,Satna,STAB1,IDRT1
485005,Satna,STAB1,IDRT1
485111,Satna,STAB1,IDRT1
485115,Satna,STAB1,IDRT1
485441,Satna,STAB1,IDRT1
485771,Satna,STAB1,IDRT1
485773,Satna,STAB1,IDRT1
486117,Satna,STAB1,IDRT1
486123,Satna,STAB1,IDRT1
486331,Satna,STAB1,IDRT1
486448,Satna,STAB1,IDRT1
486553,Satna,STAB1,IDRT1
486661,Satna,STAB1,IDRT1
486771,Satna,STAB1,IDRT1
486776,Satna,STAB1,IDRT1
487001,Jabalpur,JLRB1,IDRT1
487221,Jabalpur,JLRB1,IDRT1
487334,Jabalpur,JLRB1,IDRT1
487551,Jabalpur,JLRB1,IDRT1
487770,Jabalpur,JLRB1,IDRT1
490042,Bhilai,BIAB1,IDRT1
491111,Bhilai,BIAB1,IDRT1
491221,Bhilai,BIAB1,IDRT1
491226,Bhilai,BIAB1,IDRT1
491228,Bhilai,BIAB1,IDRT1
491331,Bhilai,BIAB1,IDRT1
491441,Bhilai,BIAB1,IDRT1
491444,Bhilai,BIAB1,IDRT1
491995,Bhilai,BIAB1,IDRT1
493118,Bilaspur,PABB1,IDRT1
493331,Bilaspur,PABB1,IDRT1
493332,Bilaspur,PABB1,IDRT1
495113,Bilaspur,PABB1,IDRT1
495222,Bilaspur,PABB1,IDRT1
495330,Bilaspur,PABB1,IDRT1
495334,Bilaspur,PABB1,IDRT1
495442,Bilaspur,PABB1,IDRT1
495552,Bilaspur,PABB1,IDRT1
495555,Bilaspur,PABB1,IDRT1
495557,Bilaspur,PABB1,IDRT1
495559,Bilaspur,PABB1,IDRT1
495663,Bilaspur,PABB1,IDRT1
495668,Bilaspur,PABB1,IDRT1
495671,Bilaspur,PABB1,IDRT1
495689,Bilaspur,PABB1,IDRT1
495692,Bilaspur,PABB1,IDRT1
496001,Bilaspur,PABB1,IDRT1
496107,Bilaspur,PABB1,IDRT1
496111,Bilaspur,PABB1,IDRT1
496445,Bilaspur,PABB1,IDRT1
496450,Bilaspur,PABB1,IDRT1
752001,Bhubaneswar,BBIB1,IXWT1
752002,Bhubaneshwar_Extended ODA,BBIB1,IXWT1
752038,Bhubaneshwar_Extended ODA,BBIB1,IXWT1
752050,Bhubaneswar,BBIB1,IXWT1
752055,Bhubaneswar,BBIB1,IXWT1
752056,Bhubaneswar,CTCB1,IXWT1
752057,Bhubaneswar,BBIB1,IXWT1
752062,Bhubaneshwar_Extended ODA,BBIB1,IXWT1
752064,Bhubaneshwar_Extended ODA,BBIB1,IXWT1
752106,Bhubaneswar,BBIB1,IXWT1
752111,Bhubaneswar,BBIB1,IXWT1
752115,Bhubaneshwar_Extended ODA,BBIB1,IXWT1
754029,Cuttack,CTCB1,IXWT1
754103,Cuttack,CTCB1,IXWT1
754119,Cuttack,CTCB1,IXWT1
754134,Cuttack,CTCB1,IXWT1
754135,Cuttack,CTCB1,IXWT1
754136,Cuttack,CTCB1,IXWT1
754201,Cuttack,CTCB1,IXWT1
754205,Cuttack,CTCB1,IXWT1
754206,Cuttack,CTCB1,IXWT1
754207,Cuttack,CTCB1,IXWT1
754208,Cuttack,CTCB1,IXWT1
754210,Cuttack,CTCB1,IXWT1
754293,Cuttack,CTCB1,IXWT1
754296,Cuttack,CTCB1,IXWT1
755008,Cuttack,CTCB1,IXWT1
755009,Cuttack,CTCB1,IXWT1
756026,Balasore,BLSB1,IXWT1
756044,Balasore,BLSB1,IXWT1
756045,Balasore,BLSB1,IXWT1
756048,Balasore,BLSB1,IXWT1
757001,Balasore,BLSB1,IXWT1
757019,Balasore,BLSB1,IXWT1
757107,Balasore,BLSB1,IXWT1
759001,Cuttack,CTCB1,IXWT1
759016,Cuttack,CTCB1,IXWT1
760006,Berhampur,BAMB1,IXWT1
761010,Berhampur,BAMB1,IXWT1
761012,Berhampur,BAMB1,IXWT1
761013,Berhampur,BAMB1,IXWT1
761030,Berhampur,BAMB1,IXWT1
761104,Berhampur,BAMB1,IXWT1
761107,Berhampur,BAMB1,IXWT1
761111,Berhampur,BAMB1,IXWT1
761116,Berhampur,BAMB1,IXWT1
768201,Sambalpur,SBPB1,IXWT1
768212,Sambalpur,SBPB1,IXWT1
770017,Rourkela,RRKB1,IXWT1
770033,Rourkela,RRKB1,IXWT1
770036,Rourkela,RRKB1,IXWT1
770038,Rourkela,RRKB1,IXWT1
770040,Rourkela,RRKB1,IXWT1
801103,Patna,PATB1,IXWT1
801104,Patna,PATB1,IXWT1
801109,Patna,PATB1,IXWT1
801110,Patna,PATB1,IXWT1
801301,Patna,PATB1,IXWT1
801302,Patna,PATB1,IXWT1
801305,Patna,PATB1,IXWT1
801306,Patna,PATB1,IXWT1
802160,Patna,PATB1,IXWT1
802210,Patna,PATB1,IXWT1
802219,Patna,PATB1,IXWT1
802301,Patna,PATB1,IXWT1
802302,Patna,PATB1,IXWT1
802312,Patna,PATB1,IXWT1
802314,Patna,PATB1,IXWT1
803108,Patna,PATB1,IXWT1
803110,Patna,PATB1,IXWT1
803118,Patna,PATB1,IXWT1
803212,Patna,PATB1,IXWT1
803213,Patna,PATB1,IXWT1
803214,Patna,PATB1,IXWT1
804407,Patna,PATB1,IXWT1
804408,Patna,PATB1,IXWT1
804417,Patna,PATB1,IXWT1
804452,Patna,PATB1,IXWT1
804453,Patna,PATB1,IXWT1
805110,Gaya,GAYB1,IXWT1
811201,Bhagalpur,BGPB1,IXWT1
811202,Bhagalpur,BGPB1,IXWT1
811211,Bhagalpur,BGPB1,IXWT1
811213,Bhagalpur,BGPB1,IXWT1
811214,Bhagalpur,BGPB1,IXWT1
811307,Bhagalpur,BGPB1,IXWT1
811311,Bhagalpur,BGPB1,IXWT1
813101,Bhagalpur,BGPB1,IXWT1
813102,Bhagalpur,BGPB1,IXWT1
813103,Bhagalpur,BGPB1,IXWT1
813107,Bhagalpur,BGPB1,IXWT1
813108,Bhagalpur,BGPB1,IXWT1
813113,Bhagalpur,BGPB1,IXWT1
813205,Bhagalpur,BGPB1,IXWT1
813212,Bhagalpur,BGPB1,IXWT1
813221,Bhagalpur,BGPB1,IXWT1
813222,Bhagalpur,BGPB1,IXWT1
815351,Dhanbad,DBDB1,IXWT1
815352,Dhanbad,DBDB1,IXWT1
824101,Gaya,GAYB1,IXWT1
824113,Gaya,GAYB1,IXWT1
824124,Gaya,GAYB1,IXWT1
824201,Gaya,GAYB1,IXWT1
824208,Gaya,GAYB1,IXWT1
824236,Gaya,GAYB1,IXWT1
825330,Ranchi_Extended ODA,IXRB1,IXWT1
828114,Dhanbad,DBDB1,IXWT1
828122,Dhanbad,DBDB1,IXWT1
828129,Dhanbad,DBDB1,IXWT1
828135,Dhanbad,DBDB1,IXWT1
828202,Dhanbad,DBDB1,IXWT1
828203,Dhanbad,DBDB1,IXWT1
828204,Dhanbad,DBDB1,IXWT1
828205,Dhanbad,DBDB1,IXWT1
828303,Bokaro,BKRB1,IXWT1
828305,Dhanbad,DBDB1,IXWT1
828306,Dhanbad,DBDB1,IXWT1
828401,Dhanbad,DBDB1,IXWT1
829102,Ranchi,IXRB1,IXWT1
829103,Ranchi_Extended ODA,IXRB1,IXWT1
829104,Bokaro,BKRB1,IXWT1
829112,Bokaro,BKRB1,IXWT1
829117,Ranchi_Extended ODA,IXRB1,IXWT1
829119,Ranchi,IXRB1,IXWT1
829135,Ranchi_Extended ODA,IXRB1,IXWT1
829143,Ranchi,IXRB1,IXWT1
829144,Bokaro,BKRB1,IXWT1
829210,Ranchi_Extended ODA,IXRB1,IXWT1
831002,Jamshedpur Branch,IXWT1,IXWT1
832301,Jamshedpur_Extended ODA,IXWT1,IXWT1
832303,Jamshedpur Branch,IXWT1,IXWT1
832401,Jamshedpur Branch,IXWT1,IXWT1
832402,Jamshedpur Branch,IXWT1,IXWT1
832404,Jamshedpur Branch,IXWT1,IXWT1
833220,Jamshedpur Branch,IXWT1,IXWT1
835101,Ranchi,IXRB1,IXWT1
835202,Ranchi,IXRB1,IXWT1
835205,Ranchi 2,IXRB1,IXWT1
835210,Ranchi,IXRB1,IXWT1
835219,Ranchi,IXRB1,IXWT1
835221,Ranchi 2,IXRB1,IXWT1
835227,Ranchi_Extended ODA,IXRB1,IXWT1
835234,Ranchi,IXRB1,IXWT1
835301,Ranchi,IXRB1,IXWT1
835302,Ranchi_Extended ODA,IXRB1,IXWT1
841208,Patna,PATB1,IXWT1
841214,Patna,PATB1,IXWT1
841220,Patna,PATB1,IXWT1
841221,Patna,PATB1,IXWT1
841226,Patna,PATB1,IXWT1
841232,Patna,PATB1,IXWT1
841234,Patna,PATB1,IXWT1
841237,Patna,PATB1,IXWT1
841240,Patna,PATB1,IXWT1
841241,Patna,PATB1,IXWT1
841301,Patna,PATB1,IXWT1
841305,Patna,PATB1,IXWT1
841405,Patna,PATB1,IXWT1
841406,Patna,PATB1,IXWT1
841408,Patna,PATB1,IXWT1
841414,Patna,PATB1,IXWT1
841416,Patna,PATB1,IXWT1
841417,Patna,PATB1,IXWT1
841418,Patna,PATB1,IXWT1
841419,Patna,PATB1,IXWT1
841423,Patna,PATB1,IXWT1
843103,Muzaffarpur,MZUB1,IXWT1
843104,Muzaffarpur,MZUB1,IXWT1
843116,Muzaffarpur,MZUB1,IXWT1
843120,Muzaffarpur,MZUB1,IXWT1
843125,Muzaffarpur,MZUB1,IXWT1
843128,Muzaffarpur,MZUB1,IXWT1
843129,Muzaffarpur,MZUB1,IXWT1
843301,Muzaffarpur,MZUB1,IXWT1
843302,Muzaffarpur,MZUB1,IXWT1
843316,Muzaffarpur,MZUB1,IXWT1
843320,Darbhanga,DBRB1,IXWT1
843327,Muzaffarpur,MZUB1,IXWT1
843328,Muzaffarpur,MZUB1,IXWT1
843329,Muzaffarpur,MZUB1,IXWT1
844101,Patna,PATB1,IXWT1
844102,Patna,PATB1,IXWT1
844122,Patna,PATB1,IXWT1
845302,Muzaffarpur,MZUB1,IXWT1
845304,Muzaffarpur,MZUB1,IXWT1
845305,Muzaffarpur,MZUB1,IXWT1
845401,Muzaffarpur,MZUB1,IXWT1
845411,Muzaffarpur,MZUB1,IXWT1
845414,Muzaffarpur,MZUB1,IXWT1
845416,Muzaffarpur,MZUB1,IXWT1
845420,Muzaffarpur,MZUB1,IXWT1
845428,Muzaffarpur,MZUB1,IXWT1
845433,Muzaffarpur,MZUB1,IXWT1
845435,Muzaffarpur,MZUB1,IXWT1
845437,Muzaffarpur,MZUB1,IXWT1
845456,Muzaffarpur,MZUB1,IXWT1
847102,Darbhanga,DBRB1,IXWT1
847103,Darbhanga,DBRB1,IXWT1
847104,Darbhanga,DBRB1,IXWT1
847105,Darbhanga,DBRB1,IXWT1
847107,Darbhanga,DBRB1,IXWT1
847108,Darbhanga,DBRB1,IXWT1
847203,Darbhanga,DBRB1,IXWT1
847211,Darbhanga,DBRB1,IXWT1
847226,Darbhanga,DBRB1,IXWT1
847229,Darbhanga,DBRB1,IXWT1
847230,Darbhanga,DBRB1,IXWT1
847233,Darbhanga,DBRB1,IXWT1
847235,Darbhanga,DBRB1,IXWT1
847236,Darbhanga,DBRB1,IXWT1
847239,Darbhanga,DBRB1,IXWT1
847303,Darbhanga,DBRB1,IXWT1
847304,Darbhanga,DBRB1,IXWT1
847307,Darbhanga,DBRB1,IXWT1
847337,Darbhanga,DBRB1,IXWT1
847402,Darbhanga,DBRB1,IXWT1
847404,Darbhanga,DBRB1,IXWT1
847408,Darbhanga,DBRB1,IXWT1
847410,Darbhanga,DBRB1,IXWT1
847423,Darbhanga,DBRB1,IXWT1
847452,Bhagalpur,BGPB1,IXWT1
848101,Muzaffarpur,MZUB1,IXWT1
848205,Darbhanga,DBRB1,IXWT1
848506,Darbhanga,DBRB1,IXWT1
851204,Bhagalpur,BGPB1,IXWT1
851213,Bhagalpur,BGPB1,IXWT1
851216,Bhagalpur,BGPB1,IXWT1
852111,Bhagalpur,BGPB1,IXWT1
852113,Bhagalpur,BGPB1,IXWT1
852122,Bhagalpur,BGPB1,IXWT1
852127,Bhagalpur,BGPB1,IXWT1
852131,Darbhanga,DBRB1,IXWT1
852132,Bhagalpur,BGPB1,IXWT1
852201,Darbhanga,DBRB1,IXWT1
852212,Darbhanga,DBRB1,IXWT1
852215,Bhagalpur,BGPB1,IXWT1
852218,Bhagalpur,BGPB1,IXWT1
852219,Bhagalpur,BGPB1,IXWT1
852220,Bhagalpur,BGPB1,IXWT1
852221,Darbhanga,DBRB1,IXWT1
853203,Bhagalpur,BGPB1,IXWT1
853204,Bhagalpur,BGPB1,IXWT1
854105,Bhagalpur,BGPB1,IXWT1
854301,Bhagalpur,BGPB1,IXWT1
854303,Bhagalpur,BGPB1,IXWT1
854304,Bhagalpur,BGPB1,IXWT1
854305,Bhagalpur,BGPB1,IXWT1
854315,Bhagalpur,BGPB1,IXWT1
854318,Bhagalpur,BGPB1,IXWT1
854326,Bhagalpur,BGPB1,IXWT1
854328,Bhagalpur,BGPB1,IXWT1
854330,Bhagalpur,BGPB1,IXWT1
854339,Bhagalpur,BGPB1,IXWT1
855107,Bhagalpur,BGPB1,IXWT1
855108,Bhagalpur,BGPB1,IXWT1
855114,Bhagalpur,BGPB1,IXWT1
855115,Bhagalpur,BGPB1,IXWT1
855116,Bhagalpur,BGPB1,IXWT1
303006,Jaipur 2,JAIT1,JAIT1
303338,Jaipur 2,JAIT1,JAIT1
303603,Jaipur_Extended ODA,JAIT1,JAIT1
303604,Jaipur_Extended ODA,JAIT1,JAIT1
303706,Jaipur 2,JAIT1,JAIT1
303712,Jaipur_Extended ODA,JAIT1,JAIT1
303807,Jaipur 2,JAIT1,JAIT1
305026,Bikaner,BKNB1,JAIT1
305204,Ajmer,AIIB1,JAIT1
305207,Ajmer,AIIB1,JAIT1
305401,Ajmer,AIIB1,JAIT1
305403,Ajmer,AIIB1,JAIT1
305404,Ajmer,AIIB1,JAIT1
305623,Ajmer,AIIB1,JAIT1
305624,Ajmer,AIIB1,JAIT1
305630,Ajmer,AIIB1,JAIT1
305801,Ajmer,AIIB1,JAIT1
305802,Ajmer,AIIB1,JAIT1
305812,Ajmer,AIIB1,JAIT1
305814,Ajmer,AIIB1,JAIT1
305816,Ajmer,AIIB1,JAIT1
305901,Ajmer,AIIB1,JAIT1
306401,Jodhpur,JDHB1,JAIT1
307001,Udaipur,UDRB1,JAIT1
307019,Udaipur,UDRB1,JAIT1
307022,Udaipur,UDRB1,JAIT1
307023,Udaipur,UDRB1,JAIT1
307026,Udaipur,UDRB1,JAIT1
307027,Udaipur,UDRB1,JAIT1
307030,Jodhpur,JDHB1,JAIT1
307501,Udaipur,UDRB1,JAIT1
307513,Udaipur,UDRB1,JAIT1
307801,Udaipur,UDRB1,JAIT1
311021,Bhilwara,BHLB1,JAIT1
311022,Bhilwara,BHLB1,JAIT1
311024,Bhilwara,BHLB1,JAIT1
311026,Bhilwara,BHLB1,JAIT1
311301,Bhilwara,BHLB1,JAIT1
311402,Bhilwara,BHLB1,JAIT1
311403,Bhilwara,BHLB1,JAIT1
311404,Bhilwara,BHLB1,JAIT1
311407,Udaipur,UDRB1,JAIT1
311601,Bhilwara,BHLB1,JAIT1
311602,Bhilwara,BHLB1,JAIT1
311603,Bhilwara,BHLB1,JAIT1
311604,Bhilwara,BHLB1,JAIT1
311801,Bhilwara,BHLB1,JAIT1
311803,Bhilwara,BHLB1,JAIT1
311804,Bhilwara,BHLB1,JAIT1
311805,Bhilwara,BHLB1,JAIT1
311806,Bhilwara,BHLB1,JAIT1
312001,Udaipur,UDRB1,JAIT1
312021,Udaipur,UDRB1,JAIT1
312022,Udaipur,UDRB1,JAIT1
312024,Udaipur_Extended ODA,UDRB1,JAIT1
312025,Udaipur,UDRB1,JAIT1
312201,Udaipur,UDRB1,JAIT1
312203,Udaipur,UDRB1,JAIT1
312205,Udaipur_Extended ODA,UDRB1,JAIT1
312206,Udaipur,UDRB1,JAIT1
312601,Udaipur,UDRB1,JAIT1
312604,Udaipur,UDRB1,JAIT1
312605,Udaipur,UDRB1,JAIT1
312612,Udaipur,UDRB1,JAIT1
312615,Udaipur,UDRB1,JAIT1
312617,Udaipur,UDRB1,JAIT1
312620,Udaipur,UDRB1,JAIT1
312622,Bhilwara,BHLB1,JAIT1
312901,Udaipur,UDRB1,JAIT1
313027,Udaipur,UDRB1,JAIT1
313031,Udaipur,UDRB1,JAIT1
313203,Udaipur,UDRB1,JAIT1
313205,Udaipur_Extended ODA,UDRB1,JAIT1
313211,Udaipur_Extended ODA,UDRB1,JAIT1
313301,Udaipur,UDRB1,JAIT1
313324,Udaipur_Extended ODA,UDRB1,JAIT1
313325,Udaipur_Extended ODA,UDRB1,JAIT1
313329,Udaipur,UDRB1,JAIT1
313331,Udaipur,UDRB1,JAIT1
313332,Udaipur,UDRB1,JAIT1
313334,Udaipur,UDRB1,JAIT1
313703,Udaipur,UDRB1,JAIT1
313705,Udaipur,UDRB1,JAIT1
313706,Udaipur_Extended ODA,UDRB1,JAIT1
313801,Udaipur,UDRB1,JAIT1
313802,Udaipur,UDRB1,JAIT1
313803,Udaipur,UDRB1,JAIT1
313901,Udaipur_Extended ODA,UDRB1,JAIT1
313905,Udaipur,UDRB1,JAIT1
314001,Udaipur,UDRB1,JAIT1
314011,Udaipur,UDRB1,JAIT1
314025,Udaipur,UDRB1,JAIT1
314029,Udaipur,UDRB1,JAIT1
322230,Jaipur,JAIT1,JAIT1
323001,KOTA,KTUB1,JAIT1
323022,KOTA,KTUB1,JAIT1
323024,KOTA,KTUB1,JAIT1
323303,KOTA,KTUB1,JAIT1
323601,KOTA,KTUB1,JAIT1
323603,KOTA,KTUB1,JAIT1
323803,KOTA,KTUB1,JAIT1
325203,KOTA,KTUB1,JAIT1
325204,KOTA,KTUB1,JAIT1
325205,KOTA,KTUB1,JAIT1
325208,KOTA,KTUB1,JAIT1
325219,KOTA,KTUB1,JAIT1
325220,KOTA,KTUB1,JAIT1
326001,KOTA,KTUB1,JAIT1
326502,KOTA,KTUB1,JAIT1
326513,KOTA,KTUB1,JAIT1
326514,KOTA,KTUB1,JAIT1
326517,KOTA,KTUB1,JAIT1
326518,KOTA,KTUB1,JAIT1
326530,KOTA,KTUB1,JAIT1
327001,Udaipur,UDRB1,JAIT1
327024,Udaipur,UDRB1,JAIT1
327031,Udaipur,UDRB1,JAIT1
327604,Udaipur,UDRB1,JAIT1
327605,Udaipur,UDRB1,JAIT1
327606,Udaipur,UDRB1,JAIT1
331803,Bikaner,BKNB1,JAIT1
331811,Bikaner,BKNB1,JAIT1
332023,Sikar,SIKB1,JAIT1
332311,Sikar,SIKB1,JAIT1
333001,Sikar,SIKB1,JAIT1
333026,Sikar,SIKB1,JAIT1
334001,Bikaner,BKNB1,JAIT1
334201,Bikaner,BKNB1,JAIT1
334302,Bikaner,BKNB1,JAIT1
334601,Bikaner,BKNB1,JAIT1
334802,Bikaner,BKNB1,JAIT1
334803,Bikaner,BKNB1,JAIT1
335001,Bikaner,BKNB1,JAIT1
335002,Bikaner,BKNB1,JAIT1
335023,Bikaner,BKNB1,JAIT1
335027,Bikaner,BKNB1,JAIT1
335501,Bikaner,BKNB1,JAIT1
335512,Bikaner,BKNB1,JAIT1
335513,Bikaner,BKNB1,JAIT1
335524,Bikaner,BKNB1,JAIT1
335701,Bikaner,BKNB1,JAIT1
335703,Bikaner,BKNB1,JAIT1
335704,Bikaner,BKNB1,JAIT1
335705,Bikaner,BKNB1,JAIT1
335803,Bikaner,BKNB1,JAIT1
335804,Bikaner,BKNB1,JAIT1
335805,Bikaner,BKNB1,JAIT1
341001,Bikaner,BKNB1,JAIT1
341023,Bikaner,BKNB1,JAIT1
341025,Bikaner,BKNB1,JAIT1
341026,Bikaner,BKNB1,JAIT1
341031,Bikaner,BKNB1,JAIT1
341302,Bikaner,BKNB1,JAIT1
341303,Bikaner,BKNB1,JAIT1
341503,Bikaner,BKNB1,JAIT1
341504,Bikaner,BKNB1,JAIT1
341505,Bikaner,BKNB1,JAIT1
341509,Bikaner,BKNB1,JAIT1
341510,Bikaner,BKNB1,JAIT1
341517,Bikaner,BKNB1,JAIT1
341542,Bikaner,BKNB1,JAIT1
342014,Jodhpur,JDHB1,JAIT1
342027,Jodhpur,JDHB1,JAIT1
342301,Jodhpur,JDHB1,JAIT1
342302,Jodhpur,JDHB1,JAIT1
342304,Jodhpur,JDHB1,JAIT1
342305,Jodhpur,JDHB1,JAIT1
342307,Jodhpur,JDHB1,JAIT1
342308,Jodhpur,JDHB1,JAIT1
342602,Jodhpur,JDHB1,JAIT1
342604,Jodhpur,JDHB1,JAIT1
342606,Jodhpur,JDHB1,JAIT1
342902,Bikaner,BKNB1,JAIT1
343001,Jodhpur,JDHB1,JAIT1
343029,Jodhpur,JDHB1,JAIT1
343041,Jodhpur,JDHB1,JAIT1
344001,Jodhpur,JDHB1,JAIT1
344021,Jodhpur,JDHB1,JAIT1
344022,Jodhpur,JDHB1,JAIT1
344026,Jodhpur,JDHB1,JAIT1
344031,Jodhpur,JDHB1,JAIT1
344032,Jodhpur,JDHB1,JAIT1
344043,Jodhpur,JDHB1,JAIT1
344502,Jodhpur,JDHB1,JAIT1
344704,Jodhpur,JDHB1,JAIT1
345021,Jodhpur,JDHB1,JAIT1
345025,Jodhpur,JDHB1,JAIT1
345028,Jodhpur,JDHB1,JAIT1
206002,Kanpur,KNUB1,LKOT1
206122,Kanpur,KNUB1,LKOT1
206127,Kanpur,KNUB1,LKOT1
206242,Kanpur,KNUB1,LKOT1
206244,Kanpur,KNUB1,LKOT1
206245,Kanpur,KNUB1,LKOT1
209101,Kanpur,KNUB1,LKOT1
209111,Kanpur,KNUB1,LKOT1
209202,Kanpur,KNUB1,LKOT1
209206,Kanpur,KNUB1,LKOT1
209208,Kanpur,KNUB1,LKOT1
209214,Kanpur,KNUB1,LKOT1
209302,Kanpur,KNUB1,LKOT1
209311,Kanpur,KNUB1,LKOT1
209402,Kanpur,KNUB1,LKOT1
209601,Kanpur,KNUB1,LKOT1
209602,Kanpur,KNUB1,LKOT1
209625,Kanpur,KNUB1,LKOT1
209721,Kanpur,KNUB1,LKOT1
209722,Kanpur,KNUB1,LKOT1
209725,Kanpur,KNUB1,LKOT1
209726,Kanpur,KNUB1,LKOT1
209841,South West Lucknow,LKOT1,LKOT1
209859,South West Lucknow,LKOT1,LKOT1
209862,Kanpur,KNUB1,LKOT1
209868,Kanpur,KNUB1,LKOT1
209881,Kanpur,KNUB1,LKOT1
210001,Kanpur,KNUB1,LKOT1
210201,Kanpur,KNUB1,LKOT1
210203,Kanpur,KNUB1,LKOT1
210205,Allahabad,IXDB1,LKOT1
210301,Kanpur,KNUB1,LKOT1
210427,Kanpur,KNUB1,LKOT1
210431,Kanpur,KNUB1,LKOT1
210502,Kanpur,KNUB1,LKOT1
210505,Kanpur,KNUB1,LKOT1
210507,Kanpur,KNUB1,LKOT1
212104,Allahabad,IXDB1,LKOT1
212107,Allahabad,IXDB1,LKOT1
212108,Allahabad,IXDB1,LKOT1
212201,Allahabad,IXDB1,LKOT1
212205,Allahabad,IXDB1,LKOT1
212207,Allahabad,IXDB1,LKOT1
212214,Allahabad,IXDB1,LKOT1
212216,Allahabad,IXDB1,LKOT1
212217,Allahabad,IXDB1,LKOT1
212301,Allahabad,IXDB1,LKOT1
212402,Allahabad,IXDB1,LKOT1
212404,Allahabad,IXDB1,LKOT1
212502,Allahabad,IXDB1,LKOT1
212507,Allahabad,IXDB1,LKOT1
212601,Kanpur,KNUB1,LKOT1
212652,Kanpur,KNUB1,LKOT1
212653,Kanpur,KNUB1,LKOT1
212655,Kanpur,KNUB1,LKOT1
212664,Kanpur,KNUB1,LKOT1
221006,Varanasi,VNSB1,LKOT1
221009,Varanasi,VNSB1,LKOT1
221101,Varanasi,VNSB1,LKOT1
221104,Varanasi,VNSB1,LKOT1
221116,Varanasi,VNSB1,LKOT1
221202,Varanasi,VNSB1,LKOT1
221206,Varanasi,VNSB1,LKOT1
221403,Varanasi,VNSB1,LKOT1
221502,Allahabad,IXDB1,LKOT1
221503,Allahabad,IXDB1,LKOT1
221505,Allahabad,IXDB1,LKOT1
221602,Mau,MAUB1,LKOT1
221712,Mau,MAUB1,LKOT1
221715,Mau,MAUB1,LKOT1
221717,Mau,MAUB1,LKOT1
222001,Varanasi,VNSB1,LKOT1
222002,Varanasi,VNSB1,LKOT1
222138,Varanasi,VNSB1,LKOT1
222139,Varanasi,VNSB1,LKOT1
222161,Varanasi,VNSB1,LKOT1
222201,Varanasi,VNSB1,LKOT1
223101,Varanasi,VNSB1,LKOT1
223222,Mau,MAUB1,LKOT1
223223,Mau,MAUB1,LKOT1
223224,Mau,MAUB1,LKOT1
223225,Mau,MAUB1,LKOT1
223227,Mau,MAUB1,LKOT1
224119,Faizabad,FZDB1,LKOT1
224120,Faizabad,FZDB1,LKOT1
224129,Ambedkar Nagar,ADNB1,LKOT1
224135,Ambedkar Nagar,GOPB1,LKOT1
224139,Ambedkar Nagar,ADNB1,LKOT1
224149,Ambedkar Nagar,ADNB1,LKOT1
224189,Faizabad,FZDB1,LKOT1
224207,Faizabad,FZDB1,LKOT1
224209,Ambedkar Nagar,ADNB1,LKOT1
225126,Barabanki,BBKB1,LKOT1
225202,Barabanki,BBKB1,LKOT1
225205,Barabanki,BBKB1,LKOT1
225207,Barabanki,BBKB1,LKOT1
225304,Barabanki,BBKB1,LKOT1
225305,Barabanki,BBKB1,LKOT1
225409,Barabanki,BBKB1,LKOT1
225413,Barabanki,BBKB1,LKOT1
226102,South West Lucknow,LKOT1,LKOT1
226201,Lucknow,LKOT1,LKOT1
226202,South West Lucknow,LKOT1,LKOT1
226501,South West Lucknow,LKOT1,LKOT1
227111,South West Lucknow,LKOT1,LKOT1
227202,Deva Raod,LKOBD,LKOT1
227208,South West Lucknow,LKOT1,LKOT1
227405,Sultanpur,SLNB1,LKOT1
227409,Sultanpur,SLNB1,LKOT1
227809,Sultanpur,SLNB1,LKOT1
227811,Sultanpur,SLNB1,LKOT1
227815,Sultanpur,SLNB1,LKOT1
228131,Sultanpur,SLNB1,LKOT1
228142,Sultanpur,SLNB1,LKOT1
228145,Sultanpur,SLNB1,LKOT1
229001,Raebareli,LKOT1,LKOT1
229010,Raebareli,LKOT1,LKOT1
229120,Raebareli,LKOT1,LKOT1
229127,Raebareli,LKOT1,LKOT1
229206,Raebareli,LKOT1,LKOT1
229210,Raebareli,LKOT1,LKOT1
229301,Raebareli,LKOT1,LKOT1
229302,Raebareli,LKOT1,LKOT1
229304,Raebareli,LKOT1,LKOT1
229308,Raebareli,LKOT1,LKOT1
229310,Raebareli,LKOT1,LKOT1
229316,Raebareli,LKOT1,LKOT1
229405,Raebareli,LKOT1,LKOT1
229406,Raebareli,LKOT1,LKOT1
229411,Allahabad,IXDB1,LKOT1
229412,Allahabad,IXDB1,LKOT1
229413,Allahabad,IXDB1,LKOT1
230001,Sultanpur,SLNB1,LKOT1
230002,Sultanpur,SLNB1,LKOT1
230124,Sultanpur,SLNB1,LKOT1
230128,Sultanpur,SLNB1,LKOT1
230131,Sultanpur,SLNB1,LKOT1
230137,Sultanpur,SLNB1,LKOT1
230142,Sultanpur,SLNB1,LKOT1
230201,Sultanpur,SLNB1,LKOT1
230204,Sultanpur,SLNB1,LKOT1
230403,Sultanpur,SLNB1,LKOT1
230502,Sultanpur,SLNB1,LKOT1
231501,Varanasi,VNSB1,LKOT1
232101,Varanasi,VNSB1,LKOT1
232104,Varanasi,VNSB1,LKOT1
233001,Varanasi,VNSB1,LKOT1
233222,Varanasi,VNSB1,LKOT1
233227,Varanasi,VNSB1,LKOT1
233230,Varanasi,VNSB1,LKOT1
233305,Varanasi,VNSB1,LKOT1
241001,Lucknow,LKOT1,LKOT1
241124,Lucknow,LKOT1,LKOT1
241127,Lucknow,LKOT1,LKOT1
241204,Lucknow,LKOT1,LKOT1
241304,Lucknow,LKOT1,LKOT1
261001,Lucknow,LKOT1,LKOT1
261121,Lucknow,LKOT1,LKOT1
261201,Lucknow,LKOT1,LKOT1
261303,Lucknow,LKOT1,LKOT1
261505,Lucknow,LKOT1,LKOT1
262701,Lucknow,LKOT1,LKOT1
262722,Lucknow,LKOT1,LKOT1
262802,Lucknow,LKOT1,LKOT1
262804,Lucknow,LKOT1,LKOT1
262902,Lucknow,LKOT1,LKOT1
262906,Lucknow,LKOT1,LKOT1
271001,Faizabad,FZDB1,LKOT1
271002,Faizabad,FZDB1,LKOT1
271003,Faizabad,FZDB1,LKOT1
271201,Faizabad,FZDB1,LKOT1
271302,Faizabad,FZDB1,LKOT1
271602,Faizabad,FZDB1,LKOT1
271604,Faizabad,FZDB1,LKOT1
271801,Faizabad,FZDB1,LKOT1
271865,Faizabad,FZDB1,LKOT1
272001,Gorakhpur,GOPB1,LKOT1
272002,Gorakhpur,GOPB1,LKOT1
272151,Gorakhpur,GOPB1,LKOT1
272153,Gorakhpur,GOPB1,LKOT1
272164,Gorakhpur,GOPB1,LKOT1
272175,Gorakhpur,GOPB1,LKOT1
272176,Gorakhpur,GOPB1,LKOT1
272182,Gorakhpur,GOPB1,LKOT1
272189,Gorakhpur,GOPB1,LKOT1
272190,Gorakhpur,GOPB1,LKOT1
272193,Gorakhpur,GOPB1,LKOT1
272194,Gorakhpur,GOPB1,LKOT1
272199,Gorakhpur,GOPB1,LKOT1
272203,Gorakhpur,GOPB1,LKOT1
272204,Gorakhpur,GOPB1,LKOT1
272205,Gorakhpur,GOPB1,LKOT1
272206,Gorakhpur,GOPB1,LKOT1
272207,Gorakhpur,GOPB1,LKOT1
272270,Gorakhpur,GOPB1,LKOT1
273007,Gorakhpur,GOPB1,LKOT1
273152,Gorakhpur,GOPB1,LKOT1
273164,Gorakhpur,GOPB1,LKOT1
273165,Gorakhpur,GOPB1,LKOT1
273201,Gorakhpur,GOPB1,LKOT1
273207,Gorakhpur,GOPB1,LKOT1
273209,Gorakhpur,GOPB1,LKOT1
273212,Gorakhpur,GOPB1,LKOT1
273301,Gorakhpur,GOPB1,LKOT1
273302,Gorakhpur,GOPB1,LKOT1
273303,Gorakhpur,GOPB1,LKOT1
273304,Gorakhpur,GOPB1,LKOT1
273401,Gorakhpur,GOPB1,LKOT1
273402,Gorakhpur,GOPB1,LKOT1
273407,Gorakhpur,GOPB1,LKOT1
273412,Gorakhpur,GOPB1,LKOT1
273413,Gorakhpur,GOPB1,LKOT1
274001,Gorakhpur,GOPB1,LKOT1
274149,Gorakhpur,GOPB1,LKOT1
274203,Gorakhpur,GOPB1,LKOT1
274204,Gorakhpur,GOPB1,LKOT1
274205,Gorakhpur,GOPB1,LKOT1
274207,Gorakhpur,GOPB1,LKOT1
274302,Gorakhpur,GOPB1,LKOT1
274304,Gorakhpur,GOPB1,LKOT1
274307,Gorakhpur,GOPB1,LKOT1
274401,Gorakhpur,GOPB1,LKOT1
274402,Gorakhpur,GOPB1,LKOT1
274405,Gorakhpur,GOPB1,LKOT1
274406,Gorakhpur,GOPB1,LKOT1
274408,Gorakhpur,GOPB1,LKOT1
274409,Gorakhpur,GOPB1,LKOT1
274509,Gorakhpur,GOPB1,LKOT1
274602,Gorakhpur,GOPB1,LKOT1
274603,Gorakhpur,GOPB1,LKOT1
274702,Gorakhpur,GOPB1,LKOT1
275105,Mau,MAUB1,LKOT1
275303,Mau,MAUB1,LKOT1
275304,Mau,MAUB1,LKOT1
276001,Mau,MAUB1,LKOT1
276121,Mau,MAUB1,LKOT1
276123,Mau,MAUB1,LKOT1
276128,Mau,MAUB1,LKOT1
276129,Mau,MAUB1,LKOT1
276137,Mau,MAUB1,LKOT1
276138,Mau,MAUB1,LKOT1
276140,Mau,MAUB1,LKOT1
276141,Mau,MAUB1,LKOT1
276201,Mau,MAUB1,LKOT1
276204,Mau,MAUB1,LKOT1
276205,Mau,MAUB1,LKOT1
276206,Mau,MAUB1,LKOT1
276207,Mau,MAUB1,LKOT1
276288,Mau,MAUB1,LKOT1
276301,Mau,MAUB1,LKOT1
276304,Mau,MAUB1,LKOT1
276305,Mau,MAUB1,LKOT1
276306,Mau,MAUB1,LKOT1
276402,Mau,MAUB1,LKOT1
276403,Mau,MAUB1,LKOT1
276404,Mau,MAUB1,LKOT1
277001,Mau,MAUB1,LKOT1
277211,Mau,MAUB1,LKOT1
277303,Mau,MAUB1,LKOT1
277304,Mau,MAUB1,LKOT1
284121,Jhansi,JHSB1,LKOT1
284125,Jhansi,JHSB1,LKOT1
284202,Jhansi,JHSB1,LKOT1
284401,Jhansi,JHSB1,LKOT1
284403,Jhansi,JHSB1,LKOT1
285001,Kanpur,KNUB1,LKOT1
285121,Kanpur,KNUB1,LKOT1
285123,Kanpur,KNUB1,LKOT1
285205,Kanpur,KNUB1,LKOT1
517001,Tirupati,TIRB1,MAAT1
517004,Tirupati,TIRB1,MAAT1
517112,Tirupati,TIRB1,MAAT1
517123,Tirupati,TIRB1,MAAT1
517124,Tirupati,TIRB1,MAAT1
517125,Tirupati,TIRB1,MAAT1
517126,Tirupati,TIRB1,MAAT1
517127,Tirupati,TIRB1,MAAT1
517128,Tirupati,TIRB1,MAAT1
517152,Tirupati,TIRB1,MAAT1
517192,Tirupati,TIRB1,MAAT1
517214,Tirupati,TIRB1,MAAT1
517234,Tirupati,TIRB1,MAAT1
517277,Tirupati,TIRB1,MAAT1
517325,Tirupati,TIRB1,MAAT1
517408,Tirupati,TIRB1,MAAT1
517416,Tirupati,TIRB1,MAAT1
517422,Tirupati,TIRB1,MAAT1
517424,Tirupati,TIRB1,MAAT1
517425,Vellore,VLRB1,MAAT1
517429,Tirupati,TIRB1,MAAT1
517504,Tirupati,TIRB1,MAAT1
517506,Tirupati,TIRB1,MAAT1
517541,Sri City,SRIB1,MAAT1
517588,Sri City,SRIB1,MAAT1
517590,Tirupati,TIRB1,MAAT1
517619,Tirupati,TIRB1,MAAT1
517640,Tirupati,TIRB1,MAAT1
517644,Tirupati,TIRB1,MAAT1
517645,Tirupati,TIRB1,MAAT1
524101,Nellore,NLRB1,MAAT1
524121,Sri City,SRIB1,MAAT1
524124,Sri City,SRIB1,MAAT1
524126,Nellore,NLRB1,MAAT1
524127,Nellore,NLRB1,MAAT1
524142,Nellore,NLRB1,MAAT1
524152,Nellore,NLRB1,MAAT1
524201,Nellore,NLRB1,MAAT1
524226,Nellore,NLRB1,MAAT1
524228,Nellore,NLRB1,MAAT1
524308,Nellore,NLRB1,MAAT1
524314,Nellore,NLRB1,MAAT1
524320,Nellore,NLRB1,MAAT1
524321,Nellore,NLRB1,MAAT1
524323,Nellore,NLRB1,MAAT1
524344,Nellore,NLRB1,MAAT1
524347,Nellore,NLRB1,MAAT1
524410,Nellore,NLRB1,MAAT1
524411,Nellore,NLRB1,MAAT1
524421,Nellore,NLRB1,MAAT1
573202,Shivamogga,NLRB1,MAAT1
577111,Shivamogga,NLRB1,MAAT1
577112,Shivamogga,NLRB1,MAAT1
577133,Shivamogga,NLRB1,MAAT1
577145,Shivamogga,NLRB1,MAAT1
577213,Shivamogga,NLRB1,MAAT1
577228,Shivamogga,NLRB1,MAAT1
577401,Shivamogga,NLRB1,MAAT1
577432,Shivamogga,NLRB1,MAAT1
577548,Shivamogga,NLRB1,MAAT1
600127,Chromepet,MAAB4,MAAT1
601202,Sri City,SRIB1,MAAT1
602001,Chennai_Delivery,MAAT2,MAAT1
602002,Chennai_Delivery,MAAT2,MAAT1
602106,Chennai_Delivery,MAAT2,MAAT1
603001,Chromepet,MAAB4,MAAT1
603102,Chennai_Delivery,MAAT2,MAAT1
603103,Chennai_Delivery,MAAB1,MAAT1
603107,Kanchipuram,MAAT2,MAAT1
603108,Chennai_Delivery,MAAB4,MAAT1
603109,Chennai_Delivery,MAAT2,MAAT1
603110,Chennai_Delivery,MAAT2,MAAT1
603111,Chromepet,MAAB4,MAAT1
603112,Chennai_Delivery,MAAT2,MAAT1
603203,Chromepet,MAAB4,MAAT1
603303,Vellore,VLRB1,MAAT1
603306,Chromepet,MAAB4,MAAT1
603308,Chromepet,MAAB4,MAAT1
603319,Kanchipuram,MAAT2,MAAT1
604001,Pondicherry,PNYB1,MAAT1
604102,Pondicherry,PNYB1,MAAT1
604302,Pondicherry,PNYB1,MAAT1
604305,Pondicherry,PNYB1,MAAT1
604306,Pondicherry,PNYB1,MAAT1
605103,Pondicherry,PNYB1,MAAT1
605106,Pondicherry,PNYB1,MAAT1
605202,Pondicherry,PNYB1,MAAT1
605301,Pondicherry,PNYB1,MAAT1
605501,Pondicherry,PNYB1,MAAT1
605602,Pondicherry,PNYB1,MAAT1
605757,Pondicherry,PNYB1,MAAT1
606105,Pondicherry,PNYB1,MAAT1
606107,Pondicherry,PNYB1,MAAT1
606201,Pondicherry,PNYB1,MAAT1
606202,Pondicherry,PNYB1,MAAT1
606203,Pondicherry,PNYB1,MAAT1
606204,Pondicherry,PNYB1,MAAT1
606206,Pondicherry,PNYB1,MAAT1
606208,Pondicherry,PNYB1,MAAT1
606213,Pondicherry,PNYB1,MAAT1
606304,Pondicherry,PNYB1,MAAT1
606401,Pondicherry,PNYB1,MAAT1
607001,Pondicherry,PNYB1,MAAT1
607106,Pondicherry,PNYB1,MAAT1
607107,Pondicherry,PNYB1,MAAT1
607202,Pondicherry,PNYB1,MAAT1
607802,Pondicherry,PNYB1,MAAT1
607807,Pondicherry,PNYB1,MAAT1
608001,Pondicherry,PNYB1,MAAT1
608301,Pondicherry,PNYB1,MAAT1
608303,Pondicherry,PNYB1,MAAT1
608602,Pondicherry,PNYB1,MAAT1
608702,Pondicherry,PNYB1,MAAT1
608801,Pondicherry,PNYB1,MAAT1
609602,Pondicherry,PNYB1,MAAT1
631001,Kanchipuram,MAAT2,MAAT1
631003,Kanchipuram,MAAT2,MAAT1
631004,Kanchipuram,MAAT2,MAAT1
631006,Kanchipuram,MAAT2,MAAT1
631102,Vellore,VLRB1,MAAT1
631203,Chennai_Delivery,MAAT2,MAAT1
631209,Kanchipuram,MAAT2,MAAT1
631213,Kanchipuram,MAAT2,MAAT1
632011,Vellore,VLRB1,MAAT1
632101,Vellore,VLRB1,MAAT1
632102,Vellore,VLRB1,MAAT1
632103,Vellore,VLRB1,MAAT1
632312,Vellore,VLRB1,MAAT1
632401,Vellore,VLRB1,MAAT1
632404,Vellore,VLRB1,MAAT1
632405,Vellore,VLRB1,MAAT1
632503,Vellore,VLRB1,MAAT1
632505,Vellore,VLRB1,MAAT1
632506,Vellore,VLRB1,MAAT1
632507,Vellore,VLRB1,MAAT1
632508,Vellore,VLRB1,MAAT1
632509,Vellore,VLRB1,MAAT1
632513,Vellore,VLRB1,MAAT1
632602,Vellore,VLRB1,MAAT1
635601,Vellore,VLRB1,MAAT1
635602,Vellore,VLRB1,MAAT1
635651,Vellore,VLRB1,MAAT1
635653,Vellore,VLRB1,MAAT1
635701,Vellore,VLRB1,MAAT1
635702,Vellore,VLRB1,MAAT1
635751,Vellore,VLRB1,MAAT1
635801,Vellore,VLRB1,MAAT1
635802,Vellore,VLRB1,MAAT1
635803,Vellore,VLRB1,MAAT1
635805,Vellore,VLRB1,MAAT1
635810,Vellore,VLRB1,MAAT1
635811,Vellore,VLRB1,MAAT1
635812,Vellore,VLRB1,MAAT1
635814,Vellore,VLRB1,MAAT1
635851,Vellore,VLRB1,MAAT1
635852,Vellore,VLRB1,MAAT1
635853,Vellore,VLRB1,MAAT1
635854,Vellore,VLRB1,MAAT1
441103,Nagpur 2,NAGT1,NAGT1
441104,Nagpur 2,NAGT1,NAGT1
441111,Nagpur 2,NAGB1,NAGT1
441113,Nagpur 2,NAGT1,NAGT1
441122,Nagpur 2,NAGT1,NAGT1
441202,Nagpur,NAGB1,NAGT1
441203,Nagpur,NAGT1,NAGT1
441302,Nagpur 2,NAGB1,NAGT1
441304,Nagpur_Extended ODA,NAGT1,NAGT1
441802,Nagpur,NAGT1,NAGT1
441804,Nagpur,NAGT1,NAGT1
441904,Nagpur,NAGT1,NAGT1
441905,Nagpur,NAGT1,NAGT1
441906,Nagpur,NAGT1,NAGT1
441909,Nagpur,NAGT1,NAGT1
441912,Nagpur,NAGT1,NAGT1
442001,Nagpur,NAGT1,NAGT1
442003,Nagpur,NAGT1,NAGT1
442101,Nagpur,NAGT1,NAGT1
442104,Nagpur_Extended ODA,NAGT1,NAGT1
442201,Nagpur,NAGT1,NAGT1
442202,Nagpur,NAGT1,NAGT1
442203,Nagpur_Extended ODA,NAGT1,NAGT1
442301,Nagpur,NAGT1,NAGT1
442302,Nagpur,NAGT1,NAGT1
442305,Nagpur,NAGT1,NAGT1
443001,Akola,AKDB1,NAGT1
443101,Akola,AKDB1,NAGT1
443106,Akola,AKDB1,NAGT1
443201,Akola,AKDB1,NAGT1
443202,Akola,AKDB1,NAGT1
443203,Akola,AKDB1,NAGT1
443204,Akola,AKDB1,NAGT1
443206,Akola,AKDB1,NAGT1
443301,Akola,AKDB1,NAGT1
443302,Akola,AKDB1,NAGT1
443304,Akola,AKDB1,NAGT1
443402,Akola,AKDB1,NAGT1
444103,Akola,AKDB1,NAGT1
444105,Akola,AKDB1,NAGT1
444106,Akola,AKDB1,NAGT1
444107,Akola,AKDB1,NAGT1
444203,Akola,AKDB1,NAGT1
444303,Akola,AKDB1,NAGT1
444403,Akola,AKDB1,NAGT1
444405,Akola,AKDB1,NAGT1
444407,Akola,AKDB1,NAGT1
444503,Akola,AKDB1,NAGT1
444504,Akola,AKDB1,NAGT1
444505,Akola,AKDB1,NAGT1
444506,Akola,AKDB1,NAGT1
444701,Amravati,AMIB1,NAGT1
444702,Amravati,AMIB1,NAGT1
444704,Amravati,AMIB1,NAGT1
444705,Amravati,AMIB1,NAGT1
444709,Amravati,AMIB1,NAGT1
444801,Amravati,AMIB1,NAGT1
444802,Amravati,AMIB1,NAGT1
444805,Amravati,AMIB1,NAGT1
444808,Amravati,AMIB1,NAGT1
444809,Amravati,AMIB1,NAGT1
444810,Amravati,AMIB1,NAGT1
444903,Amravati,AMIB1,NAGT1
444905,Amravati,AMIB1,NAGT1
444906,Nagpur,NAGT1,NAGT1
444908,Amravati,AMIB1,NAGT1
445001,Amravati,AMIB1,NAGT1
445102,Amravati,AMIB1,NAGT1
445203,Amravati,AMIB1,NAGT1
445204,Amravati,AMIB1,NAGT1
445301,Amravati,AMIB1,NAGT1
445306,Amravati,AMIB1,NAGT1
491335,Raipur 2,RPRB1,NAGT1
491559,Bilaspur,RPRB1,NAGT1
493114,Raipur 2,RPRB1,NAGT1
493116,Raipur 2,RPRB1,NAGT1
493196,Raipur 2,RPRB1,NAGT1
493225,Raipur 2,RPRB1,NAGT1
493445,Raipur 2,RPRB1,NAGT1
493661,Raipur_North,RPRB1,NAGT1
493663,Raipur 2,RPRB1,NAGT1
493881,Raipur 2,RPRB1,NAGT1
493885,Raipur 2,RPRB1,NAGT1
493887,Raipur_North,RPRB1,NAGT1
495445,Korba,KRBB1,NAGT1
495446,Korba,KRBB1,NAGT1
495674,Korba,KRBB1,NAGT1
495695,Bilaspur,RPRB1,NAGT1
496116,Korba,KRBB1,NAGT1
201315,Noida,NOIT1,NOIT1
202130,Aligarh,ALJB1,NOIT1
202135,Aligarh,ALJB1,NOIT1
202138,Aligarh,ALJB1,NOIT1
202280,Aligarh,ALJB1,NOIT1
203001,Aligarh,ALJB1,NOIT1
203131,Aligarh,ALJB1,NOIT1
203201,Noida,NOIT1,NOIT1
203203,Lal Kuan Ghaziabad,NOIB2,NOIT1
203205,Lal Kuan Ghaziabad,NOIB2,NOIT1
203206,Lal Kuan Ghaziabad,NOIT1,NOIT1
203394,Aligarh,ALJB1,NOIT1
204101,Agra,AGRB1,NOIT1
205001,Agra,AGRB1,NOIT1
206001,Agra,AGRB1,NOIT1
207001,Agra,AGRB1,NOIT1
207123,Agra,AGRB1,NOIT1
207248,Agra,AGRB1,NOIT1
207401,Agra,AGRB1,NOIT1
243201,Bareilly,BRYB1,NOIT1
243303,Bareilly,BRYB1,NOIT1
243503,Bareilly,BRYB1,NOIT1
243504,Bareilly,BRYB1,NOIT1
243505,Bareilly,BRYB1,NOIT1
243601,Bareilly,BRYB1,NOIT1
243639,Bareilly,BRYB1,NOIT1
244221,Moradabad,MBB1,NOIT1
244222,Moradabad,MBB1,NOIT1
244231,Moradabad,MBB1,NOIT1
244235,Moradabad,MBB1,NOIT1
244236,Moradabad,MBB1,NOIT1
244241,Moradabad,MBB1,NOIT1
244251,Moradabad,MBB1,NOIT1
244255,Moradabad,MBB1,NOIT1
244302,Moradabad,MBB1,NOIT1
244303,Moradabad,MBB1,NOIT1
244401,Moradabad,MBB1,NOIT1
244411,Moradabad,MBB1,NOIT1
244412,Moradabad,MBB1,NOIT1
244415,Moradabad,MBB1,NOIT1
244501,Moradabad,MBB1,NOIT1
244712,Rudrapur,RUPCB1,NOIT1
244713,Rudrapur_Extended ODA,RUPCB1,NOIT1
244716,Rudrapur,RUPCB1,NOIT1
244901,Moradabad,MBB1,NOIT1
244921,Moradabad,MBB1,NOIT1
244922,Moradabad,MBB1,NOIT1
244923,Moradabad,MBB1,NOIT1
244924,Moradabad,MBB1,NOIT1
244925,Moradabad,MBB1,NOIT1
244926,Moradabad,MBB1,NOIT1
244927,Moradabad,MBB1,NOIT1
244928,Moradabad,MBB1,NOIT1
245101,Meerut,MUTB1,NOIT1
245201,Lal Kuan Ghaziabad,NOIB2,NOIT1
245205,Lal Kuan Ghaziabad,NOIB2,NOIT1
245301,Meerut,MUTB1,NOIT1
245304,Lal Kuan Ghaziabad,NOIB2,NOIT1
246701,Muzaffarnagar,MZAB1,NOIT1
246725,Muzaffarnagar,MZAB1,NOIT1
246731,Muzaffarnagar,MZAB1,NOIT1
246733,Muzaffarnagar,MZAB1,NOIT1
246734,Muzaffarnagar,MZAB1,NOIT1
246746,Muzaffarnagar,MZAB1,NOIT1
246761,Muzaffarnagar,MZAB1,NOIT1
246763,Muzaffarnagar,MZAB1,NOIT1
247001,Muzaffarnagar,MZAB1,NOIT1
247121,Muzaffarnagar,MZAB1,NOIT1
247232,Muzaffarnagar,MZAB1,NOIT1
247451,Muzaffarnagar,MZAB1,NOIT1
247452,Muzaffarnagar,MZAB1,NOIT1
247554,Muzaffarnagar,MZAB1,NOIT1
247656,Haridwar,HWB1,NOIT1
247661,Haridwar,HWB1,NOIT1
247662,Muzaffarnagar,MZAB1,NOIT1
247665,Muzaffarnagar,MZAB1,NOIT1
247667,Haridwar,HWB1,NOIT1
247668,Haridwar,HWB1,NOIT1
247670,Haridwar,HWB1,NOIT1
247775,Muzaffarnagar,MZAB1,NOIT1
247776,Muzaffarnagar,MZAB1,NOIT1
248008,Dehradun,DEDB1,NOIT1
248140,Dehradun,DEDB1,NOIT1
248143,Dehradun,DEDB1,NOIT1
248145,Dehradun,DEDB1,NOIT1
248160,Dehradun,DEDB1,NOIT1
248195,Dehradun,DEDB1,NOIT1
248197,Dehradun,DEDB1,NOIT1
248198,Dehradun,DEDB1,NOIT1
249137,Haridwar,HWB1,NOIT1
249201,Haridwar,HWB1,NOIT1
249202,Haridwar,HWB1,NOIT1
249203,Haridwar,HWB1,NOIT1
249204,Haridwar,HWB1,NOIT1
249205,Haridwar,HWB1,NOIT1
250342,Meerut,MUTB1,NOIT1
250401,Meerut,MUTB1,NOIT1
250406,Meerut,MUTB1,NOIT1
251201,Muzaffarnagar,MZAB1,NOIT1
251309,Muzaffarnagar,MZAB1,NOIT1
251327,Muzaffarnagar,MZAB1,NOIT1
262001,Bareilly,BRYB1,NOIT1
262122,Bareilly,BRYB1,NOIT1
262201,Bareilly,BRYB1,NOIT1
262302,Bareilly,BRYB1,NOIT1
262401,Rudrapur,RUPCB1,NOIT1
262405,Rudrapur,RUPCB1,NOIT1
262406,Bareilly,BRYB1,NOIT1
263126,Rudrapur,RUPCB1,NOIT1
263139,Rudrapur,RUPCB1,NOIT1
263140,Rudrapur_Extended ODA,RUPCB1,NOIT1
281122,Mathura,MTJB1,NOIT1
281306,Mathura,MTJB1,NOIT1
281401,Mathura,MTJB1,NOIT1
281403,Mathura,MTJB1,NOIT1
281404,Mathura,MTJB1,NOIT1
283101,Agra,AGRB1,NOIT1
283110,Agra,AGRB1,NOIT1
283111,Agra,AGRB1,NOIT1
283115,Agra,AGRB1,NOIT1
283121,Agra,AGRB1,NOIT1
283122,Agra,AGRB1,NOIT1
283125,Agra,AGRB1,NOIT1
283135,Agra,AGRB1,NOIT1
283151,Agra,AGRB1,NOIT1
283203,Agra,AGRB1,NOIT1
283204,Agra,AGRB1,NOIT1
328001,Agra,AGRB1,NOIT1
328023,Agra,AGRB1,NOIT1
328027,Agra,AGRB1,NOIT1
401604,Nashik,ISKB1,PNQT1
403002,GOA,GOIB1,PNQT1
403004,GOA,GOIB1,PNQT1
403005,GOA,GOIB1,PNQT1
403006,GOA,GOIB1,PNQT1
403101,GOA,GOIB1,PNQT1
403102,GOA,GOIB1,PNQT1
403107,GOA,GOIB1,PNQT1
403108,GOA,GOIB1,PNQT1
403109,GOA,GOIB1,PNQT1
403110,GOA,GOIB1,PNQT1
403114,GOA,GOIB1,PNQT1
403115,GOA,GOIB1,PNQT1
403201,GOA,GOIB1,PNQT1
403202,GOA,GOIB1,PNQT1
403206,GOA,GOIB1,PNQT1
403404,GOA,GOIB1,PNQT1
403406,GOA,GOIB1,PNQT1
403501,GOA,GOIB1,PNQT1
403503,GOA,GOIB1,PNQT1
403504,GOA,GOIB1,PNQT1
403507,GOA,GOIB1,PNQT1
403509,GOA,GOIB1,PNQT1
403510,GOA,GOIB1,PNQT1
403511,GOA,GOIB1,PNQT1
403512,GOA,GOIB1,PNQT1
403513,GOA,GOIB1,PNQT1
403515,GOA,GOIB1,PNQT1
403516,GOA,GOIB1,PNQT1
403517,GOA,GOIB1,PNQT1
403521,GOA,GOIB1,PNQT1
403523,GOA,GOIB1,PNQT1
403526,GOA,GOIB1,PNQT1
403527,GOA,GOIB1,PNQT1
403530,GOA,GOIB1,PNQT1
403703,GOA,GOIB1,PNQT1
403705,GOA,GOIB1,PNQT1
403706,GOA,GOIB1,PNQT1
403714,GOA,GOIB1,PNQT1
403731,GOA,GOIB1,PNQT1
410405,Pune,PNQT1,PNQT1
410505,Pune_Extended ODA,PNQT2,PNQT1
410506,Pune Hinjewadi,PNQBH,PNQT1
411050,Kondhwa,PNQT1,PNQT1
412106,PCMC,PNQT1,PNQT1
412115,Pune Hinjewadi,PNQBH,PNQT1
412202,Pune_Fursungi,PNQBF,PNQT1
412203,Kurkumbh,PNQBK,PNQT1
412211,Kurkumbh,PNQBK,PNQT1
412213,Shirwal,SHWB1,PNQT1
412218,Ranjangaon,PNQBR,PNQT1
412301,Pune_Fursungi,PNQBF,PNQT1
412303,Pune_Fursungi,PNQBF,PNQT1
413133,Kurkumbh,PNQBK,PNQT1
413201,Ahmednagar,ANGB1,PNQT1
413202,Kurkumbh,PNQBK,PNQT1
413229,Ahmednagar,ANGB1,PNQT1
413701,Ahmednagar,ANGB1,PNQT1
413702,Ranjangaon,PNQBR,PNQT1
413704,Ahmednagar,ANGB1,PNQT1
413705,Ahmednagar,ANGB1,PNQT1
413706,Ahmednagar,ANGB1,PNQT1
413709,Ahmednagar,ANGB1,PNQT1
413711,Ahmednagar,ANGB1,PNQT1
413712,Ahmednagar,ANGB1,PNQT1
413713,Ahmednagar,ANGB1,PNQT1
413715,Ahmednagar,ANGB1,PNQT1
413718,Ahmednagar,ANGB1,PNQT1
413720,Ahmednagar,ANGB1,PNQT1
413721,Ahmednagar,ANGB1,PNQT1
413736,Ahmednagar,ANGB1,PNQT1
413737,Ahmednagar,ANGB1,PNQT1
413738,Ahmednagar,ANGB1,PNQT1
414101,Ahmednagar,ANGB1,PNQT1
414105,Ahmednagar,ANGB1,PNQT1
414202,Ahmednagar,ANGB1,PNQT1
414203,Ahmednagar,ANGB1,PNQT1
414301,Ahmednagar,ANGB1,PNQT1
414302,Ahmednagar,ANGB1,PNQT1
414304,Ahmednagar,ANGB1,PNQT1
414305,Ahmednagar,ANGB1,PNQT1
414401,Ahmednagar,ANGB1,PNQT1
414502,Ahmednagar,ANGB1,PNQT1
415101,Kolhapur,KLHB1,PNQT1
415105,Satara,STRB1,PNQT1
415109,Satara,STRB1,PNQT1
415110,Satara,STRB1,PNQT1
415124,Satara,STRB1,PNQT1
415202,Chiplun,CHIB1,PNQT1
415203,Chiplun,CHIB1,PNQT1
415208,Chiplun,CHIB1,PNQT1
415301,Kolhapur,KLHB1,PNQT1
415307,Kolhapur,KLHB1,PNQT1
415311,Kolhapur,KLHB1,PNQT1
415313,Kolhapur,KLHB1,PNQT1
415315,Kolhapur,KLHB1,PNQT1
415405,Kolhapur,KLHB1,PNQT1
415409,Kolhapur,KLHB1,PNQT1
415412,Kolhapur,KLHB1,PNQT1
415539,Satara,STRB1,PNQT1
415610,Chiplun,CHIB1,PNQT1
415611,Chiplun,CHIB1,PNQT1
415612,Chiplun,CHIB1,PNQT1
415613,Chiplun,CHIB1,PNQT1
415634,Chiplun,CHIB1,PNQT1
415639,Chiplun,CHIB1,PNQT1
415706,Chiplun,CHIB1,PNQT1
415708,Chiplun,CHIB1,PNQT1
415709,Chiplun,CHIB1,PNQT1
415710,Chiplun,CHIB1,PNQT1
415711,Chiplun,CHIB1,PNQT1
415712,Chiplun,CHIB1,PNQT1
415714,Chiplun,CHIB1,PNQT1
415716,Chiplun,CHIB1,PNQT1
415724,Chiplun,CHIB1,PNQT1
415804,Chiplun,CHIB1,PNQT1
416001,Kolhapur,KLHB1,PNQT1
416011,Kolhapur,KLHB1,PNQT1
416101,Kolhapur,KLHB1,PNQT1
416103,Kolhapur,KLHB1,PNQT1
416106,Kolhapur,KLHB1,PNQT1
416107,Kolhapur,KLHB1,PNQT1
416108,Kolhapur,KLHB1,PNQT1
416115,Kolhapur,KLHB1,PNQT1
416121,Kolhapur,KLHB1,PNQT1
416143,Kolhapur,KLHB1,PNQT1
416144,Kolhapur,KLHB1,PNQT1
416146,Kolhapur,KLHB1,PNQT1
416203,Kolhapur,KLHB1,PNQT1
416207,Kolhapur,KLHB1,PNQT1
416208,Kolhapur,KLHB1,PNQT1
416209,Kolhapur,KLHB1,PNQT1
416210,Kolhapur,KLHB1,PNQT1
416211,Kolhapur,KLHB1,PNQT1
416212,Kolhapur,KLHB1,PNQT1
416216,Kolhapur,KLHB1,PNQT1
416219,Kolhapur,KLHB1,PNQT1
416230,Kolhapur,KLHB1,PNQT1
416236,Kolhapur,KLHB1,PNQT1
416301,Kolhapur,KLHB1,PNQT1
416303,Kolhapur,KLHB1,PNQT1
416304,Kolhapur,KLHB1,PNQT1
416308,Kolhapur,KLHB1,PNQT1
416309,Kolhapur,KLHB1,PNQT1
416310,Kolhapur,KLHB1,PNQT1
416401,Kolhapur,KLHB1,PNQT1
416404,Kolhapur,KLHB1,PNQT1
416405,Kolhapur,KLHB1,PNQT1
416406,Kolhapur,KLHB1,PNQT1
416407,Kolhapur,KLHB1,PNQT1
416408,Kolhapur,KLHB1,PNQT1
416420,Kolhapur,KLHB1,PNQT1
416502,Kolhapur,KLHB1,PNQT1
416504,Kolhapur,KLHB1,PNQT1
416505,Kolhapur,KLHB1,PNQT1
416506,Kolhapur,KLHB1,PNQT1
416507,Kolhapur,KLHB1,PNQT1
416508,Kolhapur,KLHB1,PNQT1
416552,Kolhapur,KLHB1,PNQT1
416701,Chiplun,CHIB1,PNQT1
422004,Nashik,ISKB1,PNQT1
422102,Nashik,ISKB1,PNQT1
422103,Nashik_Extended ODA,ISKB1,PNQT1
422112,Nashik,ISKB1,PNQT1
422113,Nashik,ISKB1,PNQT1
422202,Nashik_Extended ODA,ISKB1,PNQT1
422204,Nashik_Extended ODA,ISKB1,PNQT1
422207,Nashik,ISKB1,PNQT1
422209,Nashik,ISKB1,PNQT1
422215,Nashik_Extended ODA,ISKB1,PNQT1
422306,Nashik,ISKB1,PNQT1
422402,Nashik,ISKB1,PNQT1
422403,Nashik,ISKB1,PNQT1
422601,Nashik_Extended ODA,ISKB1,PNQT1
422605,Nashik,ISKB1,PNQT1
422606,Nashik_Extended ODA,ISKB1,PNQT1
423104,Nashik,ISKB1,PNQT1
423107,Ahmednagar,ANGB1,PNQT1
423109,Nashik,ISKB1,PNQT1
423301,Nashik,ISKB1,PNQT1
423601,Nashik,ISKB1,PNQT1
423604,Ahmednagar,ANGB1,PNQT1
431007,Aurangabad,IXUB1,PNQT1
431008,Aurangabad,IXUB1,PNQT1
431101,Aurangabad,IXUB1,PNQT1
431102,Aurangabad,IXUB1,PNQT1
431107,Aurangabad_Extended ODA,IXUB1,PNQT1
431109,Aurangabad,IXUB1,PNQT1
431115,Aurangabad,IXUB1,PNQT1
431148,Aurangabad,IXUB1,PNQT1
431154,Aurangabad,IXUB1,PNQT1
431201,Aurangabad,IXUB1,PNQT1
431202,Aurangabad_Extended ODA,IXUB1,PNQT1
431203,Aurangabad,IXUB1,PNQT1
