bp_id,commercial_type,rate
BP1002,oda 1_vc,1.1
BP1002,oda 2_vc,2.2
BP1002,oda 3_vc,2
BP1002,oda 4_vc,2.5
BP1002,oda 5_vc,3.5
BP1002,oda 6_vc,3.1
BP1002,oda 1_trip,900
BP1002,oda 2_trip,1400
BP1002,oda 3_trip,1700
BP1002,oda 4_trip,2500
BP1002,oda 5_trip,3100
BP1002,oda 6_trip,4600
BP1005,oda 1_vc,1.7
BP1005,oda 2_vc,1.6
BP1005,oda 3_vc,2.9
BP1005,oda 4_vc,2.3
BP1005,oda 5_vc,2.3
BP1005,oda 6_vc,2.5
BP1005,oda 1_trip,1000
BP1005,oda 2_trip,1200
BP1005,oda 3_trip,2000
BP1005,oda 4_trip,2200
BP1005,oda 5_trip,3200
BP1005,oda 6_trip,3600
BP1009,oda 1_vc,1.9
BP1009,oda 2_vc,2.1
BP1009,oda 3_vc,2.2
BP1009,oda 4_vc,2.5
BP1009,oda 5_vc,2.5
BP1009,oda 6_vc,3
BP1009,oda 1_trip,1000
BP1009,oda 2_trip,1200
BP1009,oda 3_trip,2000
BP1009,oda 4_trip,2300
BP1009,oda 5_trip,2900
BP1009,oda 6_trip,3700
BP1010,oda 1_vc,1.4
BP1010,oda 2_vc,2.1
BP1010,oda 3_vc,3
BP1010,oda 4_vc,2.9
BP1010,oda 5_vc,2.9
BP1010,oda 6_vc,3.4
BP1010,oda 1_trip,1000
BP1010,oda 2_trip,1200
BP1010,oda 3_trip,1700
BP1010,oda 4_trip,2300
BP1010,oda 5_trip,3100
BP1010,oda 6_trip,4100
BP1011,oda 1_vc,1.9
BP1011,oda 2_vc,1.9
BP1011,oda 3_vc,2.9
BP1011,oda 4_vc,2.7
BP1011,oda 5_vc,2.7
BP1011,oda 6_vc,2.6
BP1011,oda 1_trip,1000
BP1011,oda 2_trip,1200
BP1011,oda 3_trip,1700
BP1011,oda 4_trip,2300
BP1011,oda 5_trip,3400
BP1011,oda 6_trip,4200
BP1014,oda 1_vc,1.6
BP1014,oda 2_vc,1.6
BP1014,oda 3_vc,2.8
BP1014,oda 4_vc,2.2
BP1014,oda 5_vc,2.2
BP1014,oda 6_vc,3.3
BP1014,oda 1_trip,900
BP1014,oda 2_trip,1200
BP1014,oda 3_trip,1900
BP1014,oda 4_trip,2300
BP1014,oda 5_trip,2900
BP1014,oda 6_trip,3900
BP1015,oda 1_vc,1.7
BP1015,oda 2_vc,2
BP1015,oda 3_vc,3
BP1015,oda 4_vc,2.7
BP1015,oda 5_vc,2.7
BP1015,oda 6_vc,3
BP1015,oda 1_trip,1000
BP1015,oda 2_trip,1400
BP1015,oda 3_trip,2000
BP1015,oda 4_trip,2300
BP1015,oda 5_trip,2800
BP1015,oda 6_trip,3500
BP1020,oda 1_vc,1.1
BP1020,oda 2_vc,2.4
BP1020,oda 3_vc,2.3
BP1020,oda 4_vc,2.2
BP1020,oda 5_vc,2.2
BP1020,oda 6_vc,3.2
BP1020,oda 1_trip,900
BP1020,oda 2_trip,1300
BP1020,oda 3_trip,1700
BP1020,oda 4_trip,2200
BP1020,oda 5_trip,2900
BP1020,oda 6_trip,4400
BP1022,oda 1_vc,1.8
BP1022,oda 2_vc,2.3
BP1022,oda 3_vc,2.2
BP1022,oda 4_vc,2.9
BP1022,oda 5_vc,2.9
BP1022,oda 6_vc,2.6
BP1022,oda 1_trip,900
BP1022,oda 2_trip,1300
BP1022,oda 3_trip,1800
BP1022,oda 4_trip,2600
BP1022,oda 5_trip,3300
BP1022,oda 6_trip,3700
BP1023,oda 1_vc,1.5
BP1023,oda 2_vc,2.4
BP1023,oda 3_vc,2.4
BP1023,oda 4_vc,2.6
BP1023,oda 5_vc,2.6
BP1023,oda 6_vc,3.1
BP1023,oda 1_trip,900
BP1023,oda 2_trip,1400
BP1023,oda 3_trip,1800
BP1023,oda 4_trip,2600
BP1023,oda 5_trip,2900
BP1023,oda 6_trip,3900
BP1025,oda 1_vc,1.1
BP1025,oda 2_vc,2.4
BP1025,oda 3_vc,3
BP1025,oda 4_vc,2.6
BP1025,oda 5_vc,2.6
BP1025,oda 6_vc,3.3
BP1025,oda 1_trip,900
BP1025,oda 2_trip,1400
BP1025,oda 3_trip,1800
BP1025,oda 4_trip,2500
BP1025,oda 5_trip,2800
BP1025,oda 6_trip,4300
BP1028,oda 1_vc,1.3
BP1028,oda 2_vc,1.8
BP1028,oda 3_vc,2.3
BP1028,oda 4_vc,2.5
BP1028,oda 5_vc,2.5
BP1028,oda 6_vc,2.8
BP1028,oda 1_trip,900
BP1028,oda 2_trip,1400
BP1028,oda 3_trip,1700
BP1028,oda 4_trip,2600
BP1028,oda 5_trip,3000
BP1028,oda 6_trip,3700
BP1029,oda 1_vc,1.9
BP1029,oda 2_vc,2.1
BP1029,oda 3_vc,2.7
BP1029,oda 4_vc,2.8
BP1029,oda 5_vc,2.8
BP1029,oda 6_vc,2.5
BP1029,oda 1_trip,1000
BP1029,oda 2_trip,1200
BP1029,oda 3_trip,1900
BP1029,oda 4_trip,2200
BP1029,oda 5_trip,3000
BP1029,oda 6_trip,4600
BP1030,oda 1_vc,1.6
BP1030,oda 2_vc,2.1
BP1030,oda 3_vc,2.3
BP1030,oda 4_vc,2
BP1030,oda 5_vc,2
BP1030,oda 6_vc,3.2
BP1030,oda 1_trip,800
BP1030,oda 2_trip,1300
BP1030,oda 3_trip,2000
BP1030,oda 4_trip,2400
BP1030,oda 5_trip,2800
BP1030,oda 6_trip,4500
BP1033,oda 1_vc,1.4
BP1033,oda 2_vc,1.8
BP1033,oda 3_vc,2.3
BP1033,oda 4_vc,2.8
BP1033,oda 5_vc,2.8
BP1033,oda 6_vc,2.9
BP1033,oda 1_trip,1000
BP1033,oda 2_trip,1300
BP1033,oda 3_trip,1700
BP1033,oda 4_trip,2400
BP1033,oda 5_trip,3100
BP1033,oda 6_trip,4300
BP1034,oda 1_vc,1.6
BP1034,oda 2_vc,1.6
BP1034,oda 3_vc,2.9
BP1034,oda 4_vc,2
BP1034,oda 5_vc,2
BP1034,oda 6_vc,3.3
BP1034,oda 1_trip,800
BP1034,oda 2_trip,1300
BP1034,oda 3_trip,1900
BP1034,oda 4_trip,2300
BP1034,oda 5_trip,2800
BP1034,oda 6_trip,4400
BP1036,oda 1_vc,1.2
BP1036,oda 2_vc,2
BP1036,oda 3_vc,2.2
BP1036,oda 4_vc,2.3
BP1036,oda 5_vc,2.3
BP1036,oda 6_vc,2.7
BP1036,oda 1_trip,800
BP1036,oda 2_trip,1300
BP1036,oda 3_trip,2000
BP1036,oda 4_trip,2400
BP1036,oda 5_trip,3100
BP1036,oda 6_trip,3900
BP1038,oda 1_vc,1.4
BP1038,oda 2_vc,1.9
BP1038,oda 3_vc,2.4
BP1038,oda 4_vc,2.4
BP1038,oda 5_vc,2.4
BP1038,oda 6_vc,3.4
BP1038,oda 1_trip,900
BP1038,oda 2_trip,1200
BP1038,oda 3_trip,1700
BP1038,oda 4_trip,2200
BP1038,oda 5_trip,3300
BP1038,oda 6_trip,3500
BP1039,oda 1_vc,1.1
BP1039,oda 2_vc,2.4
BP1039,oda 3_vc,2.4
BP1039,oda 4_vc,2.6
BP1039,oda 5_vc,2.6
BP1039,oda 6_vc,3
BP1039,oda 1_trip,1000
BP1039,oda 2_trip,1400
BP1039,oda 3_trip,2000
BP1039,oda 4_trip,2400
BP1039,oda 5_trip,3200
BP1039,oda 6_trip,3800
BP1044,oda 1_vc,2
BP1044,oda 2_vc,1.6
BP1044,oda 3_vc,2.8
BP1044,oda 4_vc,2.1
BP1044,oda 5_vc,2.1
BP1044,oda 6_vc,2.6
BP1044,oda 1_trip,1000
BP1044,oda 2_trip,1300
BP1044,oda 3_trip,2000
BP1044,oda 4_trip,2500
BP1044,oda 5_trip,3000
BP1044,oda 6_trip,4400
BP1046,oda 1_vc,1.1
BP1046,oda 2_vc,1.9
BP1046,oda 3_vc,2.6
BP1046,oda 4_vc,2.1
BP1046,oda 5_vc,2.1
BP1046,oda 6_vc,3
BP1046,oda 1_trip,800
BP1046,oda 2_trip,1200
BP1046,oda 3_trip,2000
BP1046,oda 4_trip,2400
BP1046,oda 5_trip,3000
BP1046,oda 6_trip,4100
BP1049,oda 1_vc,1.3
BP1049,oda 2_vc,2.4
BP1049,oda 3_vc,2.3
BP1049,oda 4_vc,2.6
BP1049,oda 5_vc,2.6
BP1049,oda 6_vc,2.9
BP1049,oda 1_trip,1000
BP1049,oda 2_trip,1400
BP1049,oda 3_trip,1900
BP1049,oda 4_trip,2500
BP1049,oda 5_trip,2800
BP1049,oda 6_trip,3500
BP1051,oda 1_vc,1.4
BP1051,oda 2_vc,1.9
BP1051,oda 3_vc,2.6
BP1051,oda 4_vc,2.7
BP1051,oda 5_vc,2.7
BP1051,oda 6_vc,3.2
BP1051,oda 1_trip,1000
BP1051,oda 2_trip,1200
BP1051,oda 3_trip,1800
BP1051,oda 4_trip,2500
BP1051,oda 5_trip,2800
BP1051,oda 6_trip,4300
BP1052,oda 1_vc,1.3
BP1052,oda 2_vc,2.4
BP1052,oda 3_vc,2.7
BP1052,oda 4_vc,2.6
BP1052,oda 5_vc,2.6
BP1052,oda 6_vc,3.1
BP1052,oda 1_trip,800
BP1052,oda 2_trip,1200
BP1052,oda 3_trip,2000
BP1052,oda 4_trip,2200
BP1052,oda 5_trip,3300
BP1052,oda 6_trip,3600
BP1053,oda 1_vc,1.7
BP1053,oda 2_vc,2
BP1053,oda 3_vc,2.8
BP1053,oda 4_vc,2.8
BP1053,oda 5_vc,2.8
BP1053,oda 6_vc,2.6
BP1053,oda 1_trip,800
BP1053,oda 2_trip,1300
BP1053,oda 3_trip,1800
BP1053,oda 4_trip,2300
BP1053,oda 5_trip,3200
BP1053,oda 6_trip,3800
BP1054,oda 1_vc,1.2
BP1054,oda 2_vc,2.5
BP1054,oda 3_vc,3
BP1054,oda 4_vc,3
BP1054,oda 5_vc,3
BP1054,oda 6_vc,2.9
BP1054,oda 1_trip,1000
BP1054,oda 2_trip,1400
BP1054,oda 3_trip,1900
BP1054,oda 4_trip,2600
BP1054,oda 5_trip,3100
BP1054,oda 6_trip,4400
BP1055,oda 1_vc,1.6
BP1055,oda 2_vc,2.5
BP1055,oda 3_vc,3
BP1055,oda 4_vc,2.6
BP1055,oda 5_vc,2.6
BP1055,oda 6_vc,3.2
BP1055,oda 1_trip,1000
BP1055,oda 2_trip,1300
BP1055,oda 3_trip,1800
BP1055,oda 4_trip,2400
BP1055,oda 5_trip,3100
BP1055,oda 6_trip,4600
BP1057,oda 1_vc,1.2
BP1057,oda 2_vc,2.4
BP1057,oda 3_vc,2.3
BP1057,oda 4_vc,2.5
BP1057,oda 5_vc,2.5
BP1057,oda 6_vc,3
BP1057,oda 1_trip,1000
BP1057,oda 2_trip,1200
BP1057,oda 3_trip,2000
BP1057,oda 4_trip,2600
BP1057,oda 5_trip,3100
BP1057,oda 6_trip,4400
BP1058,oda 1_vc,1.9
BP1058,oda 2_vc,2.2
BP1058,oda 3_vc,2.1
BP1058,oda 4_vc,2.8
BP1058,oda 5_vc,2.8
BP1058,oda 6_vc,2.8
BP1058,oda 1_trip,1000
BP1058,oda 2_trip,1400
BP1058,oda 3_trip,1800
BP1058,oda 4_trip,2300
BP1058,oda 5_trip,3200
BP1058,oda 6_trip,4600
BP1059,oda 1_vc,1.2
BP1059,oda 2_vc,2.1
BP1059,oda 3_vc,2.3
BP1059,oda 4_vc,2.3
BP1059,oda 5_vc,2.3
BP1059,oda 6_vc,3.1
BP1059,oda 1_trip,800
BP1059,oda 2_trip,1200
BP1059,oda 3_trip,1800
BP1059,oda 4_trip,2600
BP1059,oda 5_trip,2900
BP1059,oda 6_trip,4600
BP1061,oda 1_vc,1.2
BP1061,oda 2_vc,1.9
BP1061,oda 3_vc,2.8
BP1061,oda 4_vc,2.4
BP1061,oda 5_vc,2.4
BP1061,oda 6_vc,2.6
BP1061,oda 1_trip,1000
BP1061,oda 2_trip,1400
BP1061,oda 3_trip,1700
BP1061,oda 4_trip,2200
BP1061,oda 5_trip,3100
BP1061,oda 6_trip,3900
BP1064,oda 1_vc,1.2
BP1064,oda 2_vc,1.8
BP1064,oda 3_vc,2.4
BP1064,oda 4_vc,2.9
BP1064,oda 5_vc,2.9
BP1064,oda 6_vc,2.8
BP1064,oda 1_trip,900
BP1064,oda 2_trip,1400
BP1064,oda 3_trip,1700
BP1064,oda 4_trip,2200
BP1064,oda 5_trip,3200
BP1064,oda 6_trip,3500
BP1067,oda 1_vc,1.3
BP1067,oda 2_vc,2.3
BP1067,oda 3_vc,2.1
BP1067,oda 4_vc,2.1
BP1067,oda 5_vc,2.1
BP1067,oda 6_vc,2.9
BP1067,oda 1_trip,1000
BP1067,oda 2_trip,1300
BP1067,oda 3_trip,2000
BP1067,oda 4_trip,2400
BP1067,oda 5_trip,3300
BP1067,oda 6_trip,3700
BP1069,oda 1_vc,1.2
BP1069,oda 2_vc,1.9
BP1069,oda 3_vc,2.3
BP1069,oda 4_vc,2.8
BP1069,oda 5_vc,2.8
BP1069,oda 6_vc,3
BP1069,oda 1_trip,1000
BP1069,oda 2_trip,1300
BP1069,oda 3_trip,2000
BP1069,oda 4_trip,2200
BP1069,oda 5_trip,3300
BP1069,oda 6_trip,3800
BP1070,oda 1_vc,1.1
BP1070,oda 2_vc,2
BP1070,oda 3_vc,2.3
BP1070,oda 4_vc,2.3
BP1070,oda 5_vc,2.3
BP1070,oda 6_vc,2.5
BP1070,oda 1_trip,800
BP1070,oda 2_trip,1300
BP1070,oda 3_trip,1900
BP1070,oda 4_trip,2500
BP1070,oda 5_trip,2800
BP1070,oda 6_trip,3700
BP1072,oda 1_vc,1.3
BP1072,oda 2_vc,1.8
BP1072,oda 3_vc,2.7
BP1072,oda 4_vc,2.2
BP1072,oda 5_vc,2.2
BP1072,oda 6_vc,2.8
BP1072,oda 1_trip,900
BP1072,oda 2_trip,1300
BP1072,oda 3_trip,1700
BP1072,oda 4_trip,2400
BP1072,oda 5_trip,2900
BP1072,oda 6_trip,4100
BP1077,oda 1_vc,1.9
BP1077,oda 2_vc,2.4
BP1077,oda 3_vc,2.9
BP1077,oda 4_vc,2.9
BP1077,oda 5_vc,2.9
BP1077,oda 6_vc,2.9
BP1077,oda 1_trip,800
BP1077,oda 2_trip,1200
BP1077,oda 3_trip,1900
BP1077,oda 4_trip,2200
BP1077,oda 5_trip,3000
BP1077,oda 6_trip,3500
BP1080,oda 1_vc,1.7
BP1080,oda 2_vc,1.9
BP1080,oda 3_vc,2.6
BP1080,oda 4_vc,2.9
BP1080,oda 5_vc,2.9
BP1080,oda 6_vc,3.2
BP1080,oda 1_trip,900
BP1080,oda 2_trip,1200
BP1080,oda 3_trip,1800
BP1080,oda 4_trip,2600
BP1080,oda 5_trip,3100
BP1080,oda 6_trip,4100
BP1081,oda 1_vc,1.8
BP1081,oda 2_vc,1.9
BP1081,oda 3_vc,2.7
BP1081,oda 4_vc,2.1
BP1081,oda 5_vc,2.1
BP1081,oda 6_vc,2.8
BP1081,oda 1_trip,900
BP1081,oda 2_trip,1400
BP1081,oda 3_trip,1700
BP1081,oda 4_trip,2600
BP1081,oda 5_trip,3100
BP1081,oda 6_trip,3500
BP1089,oda 1_vc,1.8
BP1089,oda 2_vc,2.5
BP1089,oda 3_vc,2.5
BP1089,oda 4_vc,2.3
BP1089,oda 5_vc,2.3
BP1089,oda 6_vc,3.4
BP1089,oda 1_trip,900
BP1089,oda 2_trip,1200
BP1089,oda 3_trip,1800
BP1089,oda 4_trip,2600
BP1089,oda 5_trip,2900
BP1089,oda 6_trip,4000
BP1091,oda 1_vc,1.9
BP1091,oda 2_vc,2.1
BP1091,oda 3_vc,2
BP1091,oda 4_vc,2.9
BP1091,oda 5_vc,2.9
BP1091,oda 6_vc,3.4
BP1091,oda 1_trip,800
BP1091,oda 2_trip,1300
BP1091,oda 3_trip,1700
BP1091,oda 4_trip,2200
BP1091,oda 5_trip,2800
BP1091,oda 6_trip,3900
BP1099,oda 1_vc,1.8
BP1099,oda 2_vc,2.2
BP1099,oda 3_vc,2.4
BP1099,oda 4_vc,2.4
BP1099,oda 5_vc,2.4
BP1099,oda 6_vc,3.4
BP1099,oda 1_trip,900
BP1099,oda 2_trip,1200
BP1099,oda 3_trip,1800
BP1099,oda 4_trip,2300
BP1099,oda 5_trip,3100
BP1099,oda 6_trip,3700
BP1100,oda 1_vc,1.4
BP1100,oda 2_vc,1.8
BP1100,oda 3_vc,2.4
BP1100,oda 4_vc,2.8
BP1100,oda 5_vc,2.8
BP1100,oda 6_vc,3.1
BP1100,oda 1_trip,1000
BP1100,oda 2_trip,1300
BP1100,oda 3_trip,2100
BP1100,oda 4_trip,2600
BP1100,oda 5_trip,3200
BP1100,oda 6_trip,4000
BP1102,oda 1_vc,1.4
BP1102,oda 2_vc,2.5
BP1102,oda 3_vc,2.4
BP1102,oda 4_vc,2.5
BP1102,oda 5_vc,2.5
BP1102,oda 6_vc,2.6
BP1102,oda 1_trip,900
BP1102,oda 2_trip,1300
BP1102,oda 3_trip,2000
BP1102,oda 4_trip,2200
BP1102,oda 5_trip,3300
BP1102,oda 6_trip,4500
BP1103,oda 1_vc,1.9
BP1103,oda 2_vc,2
BP1103,oda 3_vc,2.3
BP1103,oda 4_vc,2.4
BP1103,oda 5_vc,2.4
BP1103,oda 6_vc,3.1
BP1103,oda 1_trip,1000
BP1103,oda 2_trip,1400
BP1103,oda 3_trip,1700
BP1103,oda 4_trip,2600
BP1103,oda 5_trip,3000
BP1103,oda 6_trip,4000
BP1105,oda 1_vc,1.1
BP1105,oda 2_vc,2
BP1105,oda 3_vc,2
BP1105,oda 4_vc,2.6
BP1105,oda 5_vc,2.6
BP1105,oda 6_vc,3.4
BP1105,oda 1_trip,900
BP1105,oda 2_trip,1300
BP1105,oda 3_trip,2000
BP1105,oda 4_trip,2400
BP1105,oda 5_trip,3300
BP1105,oda 6_trip,3600
BP1106,oda 1_vc,1.8
BP1106,oda 2_vc,2.2
BP1106,oda 3_vc,2.3
BP1106,oda 4_vc,2.8
BP1106,oda 5_vc,2.8
BP1106,oda 6_vc,2.5
BP1106,oda 1_trip,1000
BP1106,oda 2_trip,1300
BP1106,oda 3_trip,1900
BP1106,oda 4_trip,2400
BP1106,oda 5_trip,3100
BP1106,oda 6_trip,3600
BP1107,oda 1_vc,1.8
BP1107,oda 2_vc,1.9
BP1107,oda 3_vc,2.1
BP1107,oda 4_vc,2.3
BP1107,oda 5_vc,2.3
BP1107,oda 6_vc,3.3
BP1107,oda 1_trip,800
BP1107,oda 2_trip,1400
BP1107,oda 3_trip,1700
BP1107,oda 4_trip,2300
BP1107,oda 5_trip,3100
BP1107,oda 6_trip,3700
BP1108,oda 1_vc,1.7
BP1108,oda 2_vc,2.1
BP1108,oda 3_vc,2.5
BP1108,oda 4_vc,2.3
BP1108,oda 5_vc,2.3
BP1108,oda 6_vc,3.2
BP1108,oda 1_trip,900
BP1108,oda 2_trip,1300
BP1108,oda 3_trip,2000
BP1108,oda 4_trip,2500
BP1108,oda 5_trip,3400
BP1108,oda 6_trip,3800
BP1109,oda 1_vc,1.6
BP1109,oda 2_vc,2.2
BP1109,oda 3_vc,2.8
BP1109,oda 4_vc,2.7
BP1109,oda 5_vc,2.7
BP1109,oda 6_vc,3.4
BP1109,oda 1_trip,1000
BP1109,oda 2_trip,1200
BP1109,oda 3_trip,2000
BP1109,oda 4_trip,2300
BP1109,oda 5_trip,3000
BP1109,oda 6_trip,3700
BP1111,oda 1_vc,2
BP1111,oda 2_vc,1.6
BP1111,oda 3_vc,2.5
BP1111,oda 4_vc,2.8
BP1111,oda 5_vc,2.8
BP1111,oda 6_vc,3
BP1111,oda 1_trip,1000
BP1111,oda 2_trip,1300
BP1111,oda 3_trip,1800
BP1111,oda 4_trip,2200
BP1111,oda 5_trip,3400
BP1111,oda 6_trip,4600
BP1112,oda 1_vc,1.5
BP1112,oda 2_vc,1.8
BP1112,oda 3_vc,2.9
BP1112,oda 4_vc,2.6
BP1112,oda 5_vc,2.6
BP1112,oda 6_vc,3.2
BP1112,oda 1_trip,1000
BP1112,oda 2_trip,1200
BP1112,oda 3_trip,1800
BP1112,oda 4_trip,2500
BP1112,oda 5_trip,2800
BP1112,oda 6_trip,4000
BP1114,oda 1_vc,1.6
BP1114,oda 2_vc,1.7
BP1114,oda 3_vc,3
BP1114,oda 4_vc,2.7
BP1114,oda 5_vc,2.7
BP1114,oda 6_vc,2.8
BP1114,oda 1_trip,1000
BP1114,oda 2_trip,1200
BP1114,oda 3_trip,1700
BP1114,oda 4_trip,2600
BP1114,oda 5_trip,3300
BP1114,oda 6_trip,4200
BP1116,oda 1_vc,1
BP1116,oda 2_vc,2.3
BP1116,oda 3_vc,3
BP1116,oda 4_vc,2.7
BP1116,oda 5_vc,2.7
BP1116,oda 6_vc,3.2
BP1116,oda 1_trip,1000
BP1116,oda 2_trip,1300
BP1116,oda 3_trip,1900
BP1116,oda 4_trip,2600
BP1116,oda 5_trip,3400
BP1116,oda 6_trip,3600
BP1119,oda 1_vc,1.8
BP1119,oda 2_vc,2.1
BP1119,oda 3_vc,2.2
BP1119,oda 4_vc,2.8
BP1119,oda 5_vc,2.8
BP1119,oda 6_vc,3.2
BP1119,oda 1_trip,900
BP1119,oda 2_trip,1300
BP1119,oda 3_trip,1800
BP1119,oda 4_trip,2200
BP1119,oda 5_trip,3400
BP1119,oda 6_trip,4100
BP1127,oda 1_vc,1.9
BP1127,oda 2_vc,1.8
BP1127,oda 3_vc,2.9
BP1127,oda 4_vc,2.9
BP1127,oda 5_vc,2.9
BP1127,oda 6_vc,2.9
BP1127,oda 1_trip,1000
BP1127,oda 2_trip,1400
BP1127,oda 3_trip,2000
BP1127,oda 4_trip,2600
BP1127,oda 5_trip,2800
BP1127,oda 6_trip,4000
BP1128,oda 1_vc,1.8
BP1128,oda 2_vc,1.8
BP1128,oda 3_vc,2.9
BP1128,oda 4_vc,2.2
BP1128,oda 5_vc,2.2
BP1128,oda 6_vc,3.4
BP1128,oda 1_trip,800
BP1128,oda 2_trip,1400
BP1128,oda 3_trip,2000
BP1128,oda 4_trip,2400
BP1128,oda 5_trip,3300
BP1128,oda 6_trip,4600
BP1129,oda 1_vc,1.2
BP1129,oda 2_vc,1.7
BP1129,oda 3_vc,3
BP1129,oda 4_vc,3
BP1129,oda 5_vc,3
BP1129,oda 6_vc,3
BP1129,oda 1_trip,900
BP1129,oda 2_trip,1200
BP1129,oda 3_trip,1900
BP1129,oda 4_trip,2600
BP1129,oda 5_trip,3400
BP1129,oda 6_trip,3900
BP1132,oda 1_vc,1.2
BP1132,oda 2_vc,1.8
BP1132,oda 3_vc,2.7
BP1132,oda 4_vc,2
BP1132,oda 5_vc,2
BP1132,oda 6_vc,3
BP1132,oda 1_trip,800
BP1132,oda 2_trip,1300
BP1132,oda 3_trip,1900
BP1132,oda 4_trip,2300
BP1132,oda 5_trip,2800
BP1132,oda 6_trip,3600
BP1133,oda 1_vc,1.1
BP1133,oda 2_vc,1.8
BP1133,oda 3_vc,2.5
BP1133,oda 4_vc,2.2
BP1133,oda 5_vc,2.2
BP1133,oda 6_vc,3.3
BP1133,oda 1_trip,900
BP1133,oda 2_trip,1200
BP1133,oda 3_trip,1900
BP1133,oda 4_trip,2300
BP1133,oda 5_trip,2900
BP1133,oda 6_trip,4000
BP1134,oda 1_vc,1
BP1134,oda 2_vc,2.2
BP1134,oda 3_vc,2.4
BP1134,oda 4_vc,2.5
BP1134,oda 5_vc,2.5
BP1134,oda 6_vc,2.8
BP1134,oda 1_trip,900
BP1134,oda 2_trip,1400
BP1134,oda 3_trip,2000
BP1134,oda 4_trip,2200
BP1134,oda 5_trip,3400
BP1134,oda 6_trip,3800
BP1135,oda 1_vc,1.3
BP1135,oda 2_vc,2.2
BP1135,oda 3_vc,2.7
BP1135,oda 4_vc,2.8
BP1135,oda 5_vc,2.8
BP1135,oda 6_vc,2.7
BP1135,oda 1_trip,1000
BP1135,oda 2_trip,1300
BP1135,oda 3_trip,2000
BP1135,oda 4_trip,2600
BP1135,oda 5_trip,3300
BP1135,oda 6_trip,3500
BP1137,oda 1_vc,1.4
BP1137,oda 2_vc,1.9
BP1137,oda 3_vc,2.8
BP1137,oda 4_vc,2
BP1137,oda 5_vc,2
BP1137,oda 6_vc,3
BP1137,oda 1_trip,900
BP1137,oda 2_trip,1400
BP1137,oda 3_trip,1900
BP1137,oda 4_trip,2300
BP1137,oda 5_trip,3200
BP1137,oda 6_trip,4600
BP1138,oda 1_vc,1.1
BP1138,oda 2_vc,1.7
BP1138,oda 3_vc,2.9
BP1138,oda 4_vc,2.6
BP1138,oda 5_vc,2.6
BP1138,oda 6_vc,3.3
BP1138,oda 1_trip,900
BP1138,oda 2_trip,1200
BP1138,oda 3_trip,2000
BP1138,oda 4_trip,2200
BP1138,oda 5_trip,3400
BP1138,oda 6_trip,4200
BP1139,oda 1_vc,1.3
BP1139,oda 2_vc,1.9
BP1139,oda 3_vc,2.8
BP1139,oda 4_vc,2.9
BP1139,oda 5_vc,2.9
BP1139,oda 6_vc,3.3
BP1139,oda 1_trip,800
BP1139,oda 2_trip,1400
BP1139,oda 3_trip,1700
BP1139,oda 4_trip,2400
BP1139,oda 5_trip,3400
BP1139,oda 6_trip,3900
BP1140,oda 1_vc,1.7
BP1140,oda 2_vc,1.8
BP1140,oda 3_vc,2.6
BP1140,oda 4_vc,2.4
BP1140,oda 5_vc,2.4
BP1140,oda 6_vc,2.7
BP1140,oda 1_trip,1000
BP1140,oda 2_trip,1400
BP1140,oda 3_trip,1800
BP1140,oda 4_trip,2400
BP1140,oda 5_trip,3400
BP1140,oda 6_trip,3600
BP1141,oda 1_vc,1.5
BP1141,oda 2_vc,1.6
BP1141,oda 3_vc,2.8
BP1141,oda 4_vc,2.3
BP1141,oda 5_vc,2.3
BP1141,oda 6_vc,2.8
BP1141,oda 1_trip,1000
BP1141,oda 2_trip,1300
BP1141,oda 3_trip,2000
BP1141,oda 4_trip,2500
BP1141,oda 5_trip,3100
BP1141,oda 6_trip,4200
BP1142,oda 1_vc,1.5
BP1142,oda 2_vc,2.4
BP1142,oda 3_vc,2.9
BP1142,oda 4_vc,2.9
BP1142,oda 5_vc,2.9
BP1142,oda 6_vc,3.3
BP1142,oda 1_trip,900
BP1142,oda 2_trip,1300
BP1142,oda 3_trip,1800
BP1142,oda 4_trip,2600
BP1142,oda 5_trip,3000
BP1142,oda 6_trip,3800
BP1143,oda 1_vc,1.5
BP1143,oda 2_vc,1.9
BP1143,oda 3_vc,2
BP1143,oda 4_vc,3
BP1143,oda 5_vc,3
BP1143,oda 6_vc,2.6
BP1143,oda 1_trip,800
BP1143,oda 2_trip,1400
BP1143,oda 3_trip,1800
BP1143,oda 4_trip,2600
BP1143,oda 5_trip,2800
BP1143,oda 6_trip,4500
BP1145,oda 1_vc,1.5
BP1145,oda 2_vc,2.4
BP1145,oda 3_vc,2.1
BP1145,oda 4_vc,2.4
BP1145,oda 5_vc,2.4
BP1145,oda 6_vc,3.3
BP1145,oda 1_trip,1000
BP1145,oda 2_trip,1300
BP1145,oda 3_trip,1700
BP1145,oda 4_trip,2300
BP1145,oda 5_trip,3300
BP1145,oda 6_trip,3900
BP1146,oda 1_vc,1.5
BP1146,oda 2_vc,1.7
BP1146,oda 3_vc,2.4
BP1146,oda 4_vc,2.9
BP1146,oda 5_vc,2.9
BP1146,oda 6_vc,3.3
BP1146,oda 1_trip,800
BP1146,oda 2_trip,1400
BP1146,oda 3_trip,2000
BP1146,oda 4_trip,2300
BP1146,oda 5_trip,3000
BP1146,oda 6_trip,3600
BP1147,oda 1_vc,1.4
BP1147,oda 2_vc,2.1
BP1147,oda 3_vc,2
BP1147,oda 4_vc,2.9
BP1147,oda 5_vc,2.9
BP1147,oda 6_vc,3.4
BP1147,oda 1_trip,1000
BP1147,oda 2_trip,1200
BP1147,oda 3_trip,1800
BP1147,oda 4_trip,2500
BP1147,oda 5_trip,3000
BP1147,oda 6_trip,3900
BP1148,oda 1_vc,1.2
BP1148,oda 2_vc,1.7
BP1148,oda 3_vc,2.7
BP1148,oda 4_vc,2.9
BP1148,oda 5_vc,2.9
BP1148,oda 6_vc,2.9
BP1148,oda 1_trip,1000
BP1148,oda 2_trip,1300
BP1148,oda 3_trip,1800
BP1148,oda 4_trip,2300
BP1148,oda 5_trip,2800
BP1148,oda 6_trip,4500
BP1152,oda 1_vc,1.5
BP1152,oda 2_vc,2.2
BP1152,oda 3_vc,2.4
BP1152,oda 4_vc,2.4
BP1152,oda 5_vc,2.4
BP1152,oda 6_vc,3.2
BP1152,oda 1_trip,800
BP1152,oda 2_trip,1400
BP1152,oda 3_trip,1900
BP1152,oda 4_trip,2200
BP1152,oda 5_trip,3300
BP1152,oda 6_trip,3700
BP1154,oda 1_vc,1.3
BP1154,oda 2_vc,2.1
BP1154,oda 3_vc,2.1
BP1154,oda 4_vc,2.1
BP1154,oda 5_vc,2.1
BP1154,oda 6_vc,3.5
BP1154,oda 1_trip,800
BP1154,oda 2_trip,1200
BP1154,oda 3_trip,1700
BP1154,oda 4_trip,2500
BP1154,oda 5_trip,3100
BP1154,oda 6_trip,4300
BP1159,oda 1_vc,1.4
BP1159,oda 2_vc,1.8
BP1159,oda 3_vc,2.6
BP1159,oda 4_vc,2.3
BP1159,oda 5_vc,2.3
BP1159,oda 6_vc,2.9
BP1159,oda 1_trip,800
BP1159,oda 2_trip,1300
BP1159,oda 3_trip,1700
BP1159,oda 4_trip,2200
BP1159,oda 5_trip,2900
BP1159,oda 6_trip,3800
BP1160,oda 1_vc,1.5
BP1160,oda 2_vc,2.3
BP1160,oda 3_vc,2.4
BP1160,oda 4_vc,2.3
BP1160,oda 5_vc,2.3
BP1160,oda 6_vc,3.3
BP1160,oda 1_trip,1000
BP1160,oda 2_trip,1200
BP1160,oda 3_trip,1900
BP1160,oda 4_trip,2300
BP1160,oda 5_trip,3000
BP1160,oda 6_trip,3700
BP1162,oda 1_vc,1.9
BP1162,oda 2_vc,1.9
BP1162,oda 3_vc,2.4
BP1162,oda 4_vc,2.7
BP1162,oda 5_vc,2.7
BP1162,oda 6_vc,2.6
BP1162,oda 1_trip,800
BP1162,oda 2_trip,1200
BP1162,oda 3_trip,1800
BP1162,oda 4_trip,2300
BP1162,oda 5_trip,3400
BP1162,oda 6_trip,4200
BP1164,oda 1_vc,1.7
BP1164,oda 2_vc,1.5
BP1164,oda 3_vc,2.9
BP1164,oda 4_vc,2.2
BP1164,oda 5_vc,2.2
BP1164,oda 6_vc,2.5
BP1164,oda 1_trip,800
BP1164,oda 2_trip,1300
BP1164,oda 3_trip,1900
BP1164,oda 4_trip,2600
BP1164,oda 5_trip,2900
BP1164,oda 6_trip,3500
BP1167,oda 1_vc,1.4
BP1167,oda 2_vc,1.9
BP1167,oda 3_vc,2.7
BP1167,oda 4_vc,2.5
BP1167,oda 5_vc,2.5
BP1167,oda 6_vc,2.6
BP1167,oda 1_trip,1000
BP1167,oda 2_trip,1200
BP1167,oda 3_trip,1800
BP1167,oda 4_trip,2200
BP1167,oda 5_trip,3200
BP1167,oda 6_trip,3700
BP1169,oda 1_vc,2
BP1169,oda 2_vc,1.6
BP1169,oda 3_vc,3
BP1169,oda 4_vc,2.6
BP1169,oda 5_vc,2.6
BP1169,oda 6_vc,2.5
BP1169,oda 1_trip,1000
BP1169,oda 2_trip,1400
BP1169,oda 3_trip,2000
BP1169,oda 4_trip,2600
BP1169,oda 5_trip,3000
BP1169,oda 6_trip,4400
BP1174,oda 1_vc,1.8
BP1174,oda 2_vc,1.8
BP1174,oda 3_vc,3
BP1174,oda 4_vc,2.7
BP1174,oda 5_vc,2.7
BP1174,oda 6_vc,2.5
BP1174,oda 1_trip,800
BP1174,oda 2_trip,1300
BP1174,oda 3_trip,2000
BP1174,oda 4_trip,2200
BP1174,oda 5_trip,3400
BP1174,oda 6_trip,4000
BP1175,oda 1_vc,1.1
BP1175,oda 2_vc,2.4
BP1175,oda 3_vc,2.8
BP1175,oda 4_vc,2.5
BP1175,oda 5_vc,2.5
BP1175,oda 6_vc,3.3
BP1175,oda 1_trip,800
BP1175,oda 2_trip,1300
BP1175,oda 3_trip,1800
BP1175,oda 4_trip,2300
BP1175,oda 5_trip,3000
BP1175,oda 6_trip,4600
BP1178,oda 1_vc,1.2
BP1178,oda 2_vc,1.8
BP1178,oda 3_vc,2.3
BP1178,oda 4_vc,2.5
BP1178,oda 5_vc,2.5
BP1178,oda 6_vc,3.1
BP1178,oda 1_trip,900
BP1178,oda 2_trip,1300
BP1178,oda 3_trip,1700
BP1178,oda 4_trip,2200
BP1178,oda 5_trip,3200
BP1178,oda 6_trip,3800
BP1179,oda 1_vc,1.6
BP1179,oda 2_vc,2.3
BP1179,oda 3_vc,2.5
BP1179,oda 4_vc,2.1
BP1179,oda 5_vc,2.1
BP1179,oda 6_vc,2.8
BP1179,oda 1_trip,1000
BP1179,oda 2_trip,1300
BP1179,oda 3_trip,1800
BP1179,oda 4_trip,2500
BP1179,oda 5_trip,3000
BP1179,oda 6_trip,4000
BP1184,oda 1_vc,1.1
BP1184,oda 2_vc,2.1
BP1184,oda 3_vc,2.6
BP1184,oda 4_vc,2.7
BP1184,oda 5_vc,2.7
BP1184,oda 6_vc,3.3
BP1184,oda 1_trip,900
BP1184,oda 2_trip,1200
BP1184,oda 3_trip,1900
BP1184,oda 4_trip,2600
BP1184,oda 5_trip,2900
BP1184,oda 6_trip,4100
BP1187,oda 1_vc,1.9
BP1187,oda 2_vc,2.3
BP1187,oda 3_vc,2.1
BP1187,oda 4_vc,2.3
BP1187,oda 5_vc,2.3
BP1187,oda 6_vc,3.1
BP1187,oda 1_trip,1000
BP1187,oda 2_trip,1200
BP1187,oda 3_trip,1900
BP1187,oda 4_trip,2500
BP1187,oda 5_trip,3100
BP1187,oda 6_trip,4500
BP1188,oda 1_vc,1.5
BP1188,oda 2_vc,1.9
BP1188,oda 3_vc,2.1
BP1188,oda 4_vc,2.9
BP1188,oda 5_vc,2.9
BP1188,oda 6_vc,3.3
BP1188,oda 1_trip,800
BP1188,oda 2_trip,1200
BP1188,oda 3_trip,1700
BP1188,oda 4_trip,2300
BP1188,oda 5_trip,2800
BP1188,oda 6_trip,4600
BP1189,oda 1_vc,1.9
BP1189,oda 2_vc,1.9
BP1189,oda 3_vc,2.2
BP1189,oda 4_vc,2.4
BP1189,oda 5_vc,2.4
BP1189,oda 6_vc,2.9
BP1189,oda 1_trip,800
BP1189,oda 2_trip,1300
BP1189,oda 3_trip,2000
BP1189,oda 4_trip,2400
BP1189,oda 5_trip,3200
BP1189,oda 6_trip,4000
BP1195,oda 1_vc,1.7
BP1195,oda 2_vc,2.1
BP1195,oda 3_vc,2.5
BP1195,oda 4_vc,2.2
BP1195,oda 5_vc,2.2
BP1195,oda 6_vc,3.2
BP1195,oda 1_trip,1000
BP1195,oda 2_trip,1200
BP1195,oda 3_trip,1900
BP1195,oda 4_trip,2300
BP1195,oda 5_trip,3400
BP1195,oda 6_trip,3900
BP1198,oda 1_vc,1.6
BP1198,oda 2_vc,2.1
BP1198,oda 3_vc,2.7
BP1198,oda 4_vc,2.7
BP1198,oda 5_vc,2.7
BP1198,oda 6_vc,3.3
BP1198,oda 1_trip,800
BP1198,oda 2_trip,1200
BP1198,oda 3_trip,1800
BP1198,oda 4_trip,2300
BP1198,oda 5_trip,2800
BP1198,oda 6_trip,4500
BP1199,oda 1_vc,1.7
BP1199,oda 2_vc,1.8
BP1199,oda 3_vc,2.5
BP1199,oda 4_vc,2.6
BP1199,oda 5_vc,2.6
BP1199,oda 6_vc,3.5
BP1199,oda 1_trip,900
BP1199,oda 2_trip,1300
BP1199,oda 3_trip,1800
BP1199,oda 4_trip,2500
BP1199,oda 5_trip,2900
BP1199,oda 6_trip,3800
BP1203,oda 1_vc,1.5
BP1203,oda 2_vc,1.8
BP1203,oda 3_vc,2.2
BP1203,oda 4_vc,2.2
BP1203,oda 5_vc,2.2
BP1203,oda 6_vc,3.2
BP1203,oda 1_trip,1000
BP1203,oda 2_trip,1400
BP1203,oda 3_trip,1700
BP1203,oda 4_trip,2400
BP1203,oda 5_trip,2900
BP1203,oda 6_trip,4400
BP1205,oda 1_vc,1.4
BP1205,oda 2_vc,1.7
BP1205,oda 3_vc,2.9
BP1205,oda 4_vc,2.1
BP1205,oda 5_vc,2.1
BP1205,oda 6_vc,3.3
BP1205,oda 1_trip,1000
BP1205,oda 2_trip,1200
BP1205,oda 3_trip,1800
BP1205,oda 4_trip,2300
BP1205,oda 5_trip,3100
BP1205,oda 6_trip,4600
BP1206,oda 1_vc,1.6
BP1206,oda 2_vc,1.7
BP1206,oda 3_vc,2
BP1206,oda 4_vc,2.5
BP1206,oda 5_vc,2.5
BP1206,oda 6_vc,3.2
BP1206,oda 1_trip,900
BP1206,oda 2_trip,1300
BP1206,oda 3_trip,1800
BP1206,oda 4_trip,2400
BP1206,oda 5_trip,3200
BP1206,oda 6_trip,4200
BP1207,oda 1_vc,1.5
BP1207,oda 2_vc,2.1
BP1207,oda 3_vc,2.8
BP1207,oda 4_vc,2.3
BP1207,oda 5_vc,2.3
BP1207,oda 6_vc,2.8
BP1207,oda 1_trip,800
BP1207,oda 2_trip,1400
BP1207,oda 3_trip,2000
BP1207,oda 4_trip,2300
BP1207,oda 5_trip,3200
BP1207,oda 6_trip,4200
BP1208,oda 1_vc,1.9
BP1208,oda 2_vc,2.1
BP1208,oda 3_vc,2.4
BP1208,oda 4_vc,2.2
BP1208,oda 5_vc,2.2
BP1208,oda 6_vc,3.3
BP1208,oda 1_trip,800
BP1208,oda 2_trip,1300
BP1208,oda 3_trip,1900
BP1208,oda 4_trip,2600
BP1208,oda 5_trip,3000
BP1208,oda 6_trip,4400
BP1209,oda 1_vc,1.2
BP1209,oda 2_vc,2.3
BP1209,oda 3_vc,2.3
BP1209,oda 4_vc,2.2
BP1209,oda 5_vc,2.2
BP1209,oda 6_vc,3.4
BP1209,oda 1_trip,1000
BP1209,oda 2_trip,1400
BP1209,oda 3_trip,1700
BP1209,oda 4_trip,2500
BP1209,oda 5_trip,2800
BP1209,oda 6_trip,4300
BP1211,oda 1_vc,1.8
BP1211,oda 2_vc,2.4
BP1211,oda 3_vc,2.5
BP1211,oda 4_vc,2.8
BP1211,oda 5_vc,2.8
BP1211,oda 6_vc,2.7
BP1211,oda 1_trip,1000
BP1211,oda 2_trip,1200
BP1211,oda 3_trip,1800
BP1211,oda 4_trip,2500
BP1211,oda 5_trip,3200
BP1211,oda 6_trip,4600
BP1212,oda 1_vc,1.9
BP1212,oda 2_vc,2.4
BP1212,oda 3_vc,2.4
BP1212,oda 4_vc,2.1
BP1212,oda 5_vc,2.1
BP1212,oda 6_vc,3.5
BP1212,oda 1_trip,1000
BP1212,oda 2_trip,1200
BP1212,oda 3_trip,1800
BP1212,oda 4_trip,2500
BP1212,oda 5_trip,3000
BP1212,oda 6_trip,4300
BP1215,oda 1_vc,1.8
BP1215,oda 2_vc,2
BP1215,oda 3_vc,2.8
BP1215,oda 4_vc,2.1
BP1215,oda 5_vc,2.1
BP1215,oda 6_vc,2.6
BP1215,oda 1_trip,900
BP1215,oda 2_trip,1300
BP1215,oda 3_trip,1800
BP1215,oda 4_trip,2600
BP1215,oda 5_trip,3400
BP1215,oda 6_trip,4200
BP1219,oda 1_vc,2
BP1219,oda 2_vc,2.3
BP1219,oda 3_vc,2.9
BP1219,oda 4_vc,3
BP1219,oda 5_vc,3
BP1219,oda 6_vc,3
BP1219,oda 1_trip,900
BP1219,oda 2_trip,1200
BP1219,oda 3_trip,1900
BP1219,oda 4_trip,2200
BP1219,oda 5_trip,3100
BP1219,oda 6_trip,3700
BP1220,oda 1_vc,1.7
BP1220,oda 2_vc,1.8
BP1220,oda 3_vc,2.8
BP1220,oda 4_vc,2.3
BP1220,oda 5_vc,2.3
BP1220,oda 6_vc,3.1
BP1220,oda 1_trip,900
BP1220,oda 2_trip,1300
BP1220,oda 3_trip,1800
BP1220,oda 4_trip,2300
BP1220,oda 5_trip,3000
BP1220,oda 6_trip,4200
BP1223,oda 1_vc,1.5
BP1223,oda 2_vc,2.2
BP1223,oda 3_vc,2.3
BP1223,oda 4_vc,2.1
BP1223,oda 5_vc,2.1
BP1223,oda 6_vc,3.3
BP1223,oda 1_trip,1000
BP1223,oda 2_trip,1400
BP1223,oda 3_trip,1700
BP1223,oda 4_trip,2400
BP1223,oda 5_trip,3100
BP1223,oda 6_trip,3800
BP1224,oda 1_vc,1.9
BP1224,oda 2_vc,2.4
BP1224,oda 3_vc,2.8
BP1224,oda 4_vc,2.2
BP1224,oda 5_vc,2.2
BP1224,oda 6_vc,3
BP1224,oda 1_trip,800
BP1224,oda 2_trip,1300
BP1224,oda 3_trip,1900
BP1224,oda 4_trip,2200
BP1224,oda 5_trip,2800
BP1224,oda 6_trip,4000
BP1225,oda 1_vc,1.1
BP1225,oda 2_vc,2.3
BP1225,oda 3_vc,2.9
BP1225,oda 4_vc,2.6
BP1225,oda 5_vc,2.6
BP1225,oda 6_vc,3.2
BP1225,oda 1_trip,1000
BP1225,oda 2_trip,1400
BP1225,oda 3_trip,1900
BP1225,oda 4_trip,2200
BP1225,oda 5_trip,3100
BP1225,oda 6_trip,4600
BP1226,oda 1_vc,1.5
BP1226,oda 2_vc,1.6
BP1226,oda 3_vc,2.1
BP1226,oda 4_vc,2.4
BP1226,oda 5_vc,2.4
BP1226,oda 6_vc,2.7
BP1226,oda 1_trip,900
BP1226,oda 2_trip,1300
BP1226,oda 3_trip,1800
BP1226,oda 4_trip,2400
BP1226,oda 5_trip,3200
BP1226,oda 6_trip,4100
BP1228,oda 1_vc,1.3
BP1228,oda 2_vc,1.7
BP1228,oda 3_vc,2.2
BP1228,oda 4_vc,2.7
BP1228,oda 5_vc,2.7
BP1228,oda 6_vc,3
BP1228,oda 1_trip,800
BP1228,oda 2_trip,1400
BP1228,oda 3_trip,1800
BP1228,oda 4_trip,2400
BP1228,oda 5_trip,3100
BP1228,oda 6_trip,3600
BP1231,oda 1_vc,1.9
BP1231,oda 2_vc,1.7
BP1231,oda 3_vc,2.5
BP1231,oda 4_vc,2.9
BP1231,oda 5_vc,2.9
BP1231,oda 6_vc,3.3
BP1231,oda 1_trip,1000
BP1231,oda 2_trip,1300
BP1231,oda 3_trip,1700
BP1231,oda 4_trip,2300
BP1231,oda 5_trip,3000
BP1231,oda 6_trip,4000
BP1236,oda 1_vc,1.4
BP1236,oda 2_vc,1.6
BP1236,oda 3_vc,2.4
BP1236,oda 4_vc,2.2
BP1236,oda 5_vc,2.2
BP1236,oda 6_vc,3.2
BP1236,oda 1_trip,800
BP1236,oda 2_trip,1300
BP1236,oda 3_trip,1700
BP1236,oda 4_trip,2500
BP1236,oda 5_trip,2900
BP1236,oda 6_trip,3600
BP1239,oda 1_vc,1.8
BP1239,oda 2_vc,2.2
BP1239,oda 3_vc,2.7
BP1239,oda 4_vc,2.2
BP1239,oda 5_vc,2.2
BP1239,oda 6_vc,3.1
BP1239,oda 1_trip,900
BP1239,oda 2_trip,1300
BP1239,oda 3_trip,1900
BP1239,oda 4_trip,2200
BP1239,oda 5_trip,3100
BP1239,oda 6_trip,3900
BP1240,oda 1_vc,1.3
BP1240,oda 2_vc,2.1
BP1240,oda 3_vc,2.6
BP1240,oda 4_vc,2.4
BP1240,oda 5_vc,2.4
BP1240,oda 6_vc,2.7
BP1240,oda 1_trip,800
BP1240,oda 2_trip,1300
BP1240,oda 3_trip,2000
BP1240,oda 4_trip,2400
BP1240,oda 5_trip,2800
BP1240,oda 6_trip,3700
BP1241,oda 1_vc,1.8
BP1241,oda 2_vc,1.7
BP1241,oda 3_vc,2.9
BP1241,oda 4_vc,3
BP1241,oda 5_vc,3
BP1241,oda 6_vc,3.2
BP1241,oda 1_trip,900
BP1241,oda 2_trip,1200
BP1241,oda 3_trip,1800
BP1241,oda 4_trip,2300
BP1241,oda 5_trip,3100
BP1241,oda 6_trip,3900
BP1242,oda 1_vc,1.7
BP1242,oda 2_vc,1.9
BP1242,oda 3_vc,2
BP1242,oda 4_vc,2.2
BP1242,oda 5_vc,2.2
BP1242,oda 6_vc,3.3
BP1242,oda 1_trip,800
BP1242,oda 2_trip,1400
BP1242,oda 3_trip,2000
BP1242,oda 4_trip,2500
BP1242,oda 5_trip,3200
BP1242,oda 6_trip,3500
BP1245,oda 1_vc,1.7
BP1245,oda 2_vc,2.1
BP1245,oda 3_vc,2.9
BP1245,oda 4_vc,2
BP1245,oda 5_vc,2
BP1245,oda 6_vc,3.3
BP1245,oda 1_trip,800
BP1245,oda 2_trip,1200
BP1245,oda 3_trip,1700
BP1245,oda 4_trip,2500
BP1245,oda 5_trip,3300
BP1245,oda 6_trip,4300
BP1248,oda 1_vc,1.9
BP1248,oda 2_vc,1.8
BP1248,oda 3_vc,2.8
BP1248,oda 4_vc,2.3
BP1248,oda 5_vc,2.3
BP1248,oda 6_vc,2.6
BP1248,oda 1_trip,800
BP1248,oda 2_trip,1200
BP1248,oda 3_trip,1800
BP1248,oda 4_trip,2300
BP1248,oda 5_trip,3400
BP1248,oda 6_trip,4500
BP1249,oda 1_vc,1.7
BP1249,oda 2_vc,2
BP1249,oda 3_vc,2.2
BP1249,oda 4_vc,2.3
BP1249,oda 5_vc,2.3
BP1249,oda 6_vc,3.2
BP1249,oda 1_trip,900
BP1249,oda 2_trip,1200
BP1249,oda 3_trip,1900
BP1249,oda 4_trip,2500
BP1249,oda 5_trip,2800
BP1249,oda 6_trip,4200
BP1250,oda 1_vc,2
BP1250,oda 2_vc,2.2
BP1250,oda 3_vc,2.6
BP1250,oda 4_vc,2.5
BP1250,oda 5_vc,2.5
BP1250,oda 6_vc,3.3
BP1250,oda 1_trip,1000
BP1250,oda 2_trip,1200
BP1250,oda 3_trip,1900
BP1250,oda 4_trip,2300
BP1250,oda 5_trip,3000
BP1250,oda 6_trip,3800
BP1251,oda 1_vc,1.1
BP1251,oda 2_vc,1.6
BP1251,oda 3_vc,2.6
BP1251,oda 4_vc,2.6
BP1251,oda 5_vc,2.6
BP1251,oda 6_vc,3.5
BP1251,oda 1_trip,900
BP1251,oda 2_trip,1300
BP1251,oda 3_trip,1700
BP1251,oda 4_trip,2400
BP1251,oda 5_trip,3400
BP1251,oda 6_trip,3500
BP1252,oda 1_vc,1.6
BP1252,oda 2_vc,2.5
BP1252,oda 3_vc,2.8
BP1252,oda 4_vc,2.8
BP1252,oda 5_vc,2.8
BP1252,oda 6_vc,3
BP1252,oda 1_trip,900
BP1252,oda 2_trip,1300
BP1252,oda 3_trip,1900
BP1252,oda 4_trip,2200
BP1252,oda 5_trip,3000
BP1252,oda 6_trip,3700
BP1253,oda 1_vc,1
BP1253,oda 2_vc,1.9
BP1253,oda 3_vc,2.1
BP1253,oda 4_vc,2.1
BP1253,oda 5_vc,2.1
BP1253,oda 6_vc,3.4
BP1253,oda 1_trip,900
BP1253,oda 2_trip,1300
BP1253,oda 3_trip,1700
BP1253,oda 4_trip,2500
BP1253,oda 5_trip,3400
BP1253,oda 6_trip,4300
BP1256,oda 1_vc,1
BP1256,oda 2_vc,2
BP1256,oda 3_vc,2.2
BP1256,oda 4_vc,2.6
BP1256,oda 5_vc,2.6
BP1256,oda 6_vc,3.1
BP1256,oda 1_trip,900
BP1256,oda 2_trip,1400
BP1256,oda 3_trip,1800
BP1256,oda 4_trip,2500
BP1256,oda 5_trip,3000
BP1256,oda 6_trip,3900
BP1258,oda 1_vc,1.9
BP1258,oda 2_vc,1.8
BP1258,oda 3_vc,2.2
BP1258,oda 4_vc,2.1
BP1258,oda 5_vc,2.1
BP1258,oda 6_vc,3.1
BP1258,oda 1_trip,1000
BP1258,oda 2_trip,1300
BP1258,oda 3_trip,1800
BP1258,oda 4_trip,2600
BP1258,oda 5_trip,2900
BP1258,oda 6_trip,4100
BP1260,oda 1_vc,1.3
BP1260,oda 2_vc,2.5
BP1260,oda 3_vc,2
BP1260,oda 4_vc,2.7
BP1260,oda 5_vc,2.7
BP1260,oda 6_vc,3.4
BP1260,oda 1_trip,800
BP1260,oda 2_trip,1200
BP1260,oda 3_trip,2000
BP1260,oda 4_trip,2400
BP1260,oda 5_trip,3200
BP1260,oda 6_trip,3900
BP1262,oda 1_vc,1.9
BP1262,oda 2_vc,2.1
BP1262,oda 3_vc,2.6
BP1262,oda 4_vc,2.8
BP1262,oda 5_vc,2.8
BP1262,oda 6_vc,2.7
BP1262,oda 1_trip,900
BP1262,oda 2_trip,1400
BP1262,oda 3_trip,1700
BP1262,oda 4_trip,2200
BP1262,oda 5_trip,3000
BP1262,oda 6_trip,4400
BP1263,oda 1_vc,1.8
BP1263,oda 2_vc,1.8
BP1263,oda 3_vc,2.3
BP1263,oda 4_vc,2.5
BP1263,oda 5_vc,2.5
BP1263,oda 6_vc,3.3
BP1263,oda 1_trip,800
BP1263,oda 2_trip,1200
BP1263,oda 3_trip,2000
BP1263,oda 4_trip,2300
BP1263,oda 5_trip,2800
BP1263,oda 6_trip,4400
BP1264,oda 1_vc,1.9
BP1264,oda 2_vc,2.4
BP1264,oda 3_vc,2.9
BP1264,oda 4_vc,2.5
BP1264,oda 5_vc,2.5
BP1264,oda 6_vc,2.8
BP1264,oda 1_trip,1000
BP1264,oda 2_trip,1300
BP1264,oda 3_trip,1700
BP1264,oda 4_trip,2600
BP1264,oda 5_trip,3100
BP1264,oda 6_trip,4700
BP1265,oda 1_vc,1.4
BP1265,oda 2_vc,2
BP1265,oda 3_vc,2.9
BP1265,oda 4_vc,2.6
BP1265,oda 5_vc,2.6
BP1265,oda 6_vc,3.5
BP1265,oda 1_trip,900
BP1265,oda 2_trip,1200
BP1265,oda 3_trip,1900
BP1265,oda 4_trip,2300
BP1265,oda 5_trip,3200
BP1265,oda 6_trip,3700
BP1266,oda 1_vc,1.1
BP1266,oda 2_vc,2.3
BP1266,oda 3_vc,2.1
BP1266,oda 4_vc,2.2
BP1266,oda 5_vc,2.2
BP1266,oda 6_vc,3.4
BP1266,oda 1_trip,900
BP1266,oda 2_trip,1400
BP1266,oda 3_trip,2000
BP1266,oda 4_trip,2300
BP1266,oda 5_trip,3100
BP1266,oda 6_trip,3700
BP1267,oda 1_vc,1.5
BP1267,oda 2_vc,1.6
BP1267,oda 3_vc,2.4
BP1267,oda 4_vc,2.8
BP1267,oda 5_vc,2.8
BP1267,oda 6_vc,3.2
BP1267,oda 1_trip,800
BP1267,oda 2_trip,1200
BP1267,oda 3_trip,2000
BP1267,oda 4_trip,2200
BP1267,oda 5_trip,3200
BP1267,oda 6_trip,4500
BP1268,oda 1_vc,1.2
BP1268,oda 2_vc,2.4
BP1268,oda 3_vc,2.4
BP1268,oda 4_vc,2.4
BP1268,oda 5_vc,2.4
BP1268,oda 6_vc,3.2
BP1268,oda 1_trip,900
BP1268,oda 2_trip,1300
BP1268,oda 3_trip,1700
BP1268,oda 4_trip,2300
BP1268,oda 5_trip,3100
BP1268,oda 6_trip,3500
BP1269,oda 1_vc,1.3
BP1269,oda 2_vc,2.3
BP1269,oda 3_vc,3
BP1269,oda 4_vc,2.1
BP1269,oda 5_vc,2.1
BP1269,oda 6_vc,3
BP1269,oda 1_trip,800
BP1269,oda 2_trip,1300
BP1269,oda 3_trip,1800
BP1269,oda 4_trip,2400
BP1269,oda 5_trip,3400
BP1269,oda 6_trip,4600
BP1270,oda 1_vc,1.6
BP1270,oda 2_vc,1.7
BP1270,oda 3_vc,2.7
BP1270,oda 4_vc,2.4
BP1270,oda 5_vc,2.4
BP1270,oda 6_vc,3.4
BP1270,oda 1_trip,800
BP1270,oda 2_trip,1200
BP1270,oda 3_trip,1800
BP1270,oda 4_trip,2600
BP1270,oda 5_trip,3200
BP1270,oda 6_trip,3900
BP1271,oda 1_vc,1.8
BP1271,oda 2_vc,2.3
BP1271,oda 3_vc,2.8
BP1271,oda 4_vc,2.1
BP1271,oda 5_vc,2.1
BP1271,oda 6_vc,2.9
BP1271,oda 1_trip,900
BP1271,oda 2_trip,1400
BP1271,oda 3_trip,2000
BP1271,oda 4_trip,2500
BP1271,oda 5_trip,2800
BP1271,oda 6_trip,4600
BP1273,oda 1_vc,1.9
BP1273,oda 2_vc,2.2
BP1273,oda 3_vc,2
BP1273,oda 4_vc,3
BP1273,oda 5_vc,3
BP1273,oda 6_vc,3.3
BP1273,oda 1_trip,800
BP1273,oda 2_trip,1300
BP1273,oda 3_trip,1900
BP1273,oda 4_trip,2400
BP1273,oda 5_trip,2900
BP1273,oda 6_trip,4500
BP1274,oda 1_vc,1.5
BP1274,oda 2_vc,1.7
BP1274,oda 3_vc,2.8
BP1274,oda 4_vc,2.5
BP1274,oda 5_vc,2.5
BP1274,oda 6_vc,3
BP1274,oda 1_trip,1000
BP1274,oda 2_trip,1300
BP1274,oda 3_trip,1800
BP1274,oda 4_trip,2400
BP1274,oda 5_trip,3100
BP1274,oda 6_trip,4400
BP1276,oda 1_vc,1.9
BP1276,oda 2_vc,2.3
BP1276,oda 3_vc,2.1
BP1276,oda 4_vc,2
BP1276,oda 5_vc,2
BP1276,oda 6_vc,3.5
BP1276,oda 1_trip,800
BP1276,oda 2_trip,1300
BP1276,oda 3_trip,2000
BP1276,oda 4_trip,2200
BP1276,oda 5_trip,3400
BP1276,oda 6_trip,4100
BP1279,oda 1_vc,1.8
BP1279,oda 2_vc,2.3
BP1279,oda 3_vc,2.7
BP1279,oda 4_vc,2.3
BP1279,oda 5_vc,2.3
BP1279,oda 6_vc,3.4
BP1279,oda 1_trip,900
BP1279,oda 2_trip,1400
BP1279,oda 3_trip,2000
BP1279,oda 4_trip,2400
BP1279,oda 5_trip,3400
BP1279,oda 6_trip,3900
BP1281,oda 1_vc,1.9
BP1281,oda 2_vc,2.1
BP1281,oda 3_vc,2.2
BP1281,oda 4_vc,2.2
BP1281,oda 5_vc,2.2
BP1281,oda 6_vc,3.1
BP1281,oda 1_trip,900
BP1281,oda 2_trip,1400
BP1281,oda 3_trip,1800
BP1281,oda 4_trip,2300
BP1281,oda 5_trip,2800
BP1281,oda 6_trip,3800
BP1284,oda 1_vc,1.6
BP1284,oda 2_vc,1.9
BP1284,oda 3_vc,2.4
BP1284,oda 4_vc,2.5
BP1284,oda 5_vc,2.5
BP1284,oda 6_vc,2.6
BP1284,oda 1_trip,1000
BP1284,oda 2_trip,1300
BP1284,oda 3_trip,1700
BP1284,oda 4_trip,2600
BP1284,oda 5_trip,3400
BP1284,oda 6_trip,3800
BP1285,oda 1_vc,1.5
BP1285,oda 2_vc,2.4
BP1285,oda 3_vc,2
BP1285,oda 4_vc,2.2
BP1285,oda 5_vc,2.2
BP1285,oda 6_vc,3.1
BP1285,oda 1_trip,1000
BP1285,oda 2_trip,1400
BP1285,oda 3_trip,2000
BP1285,oda 4_trip,2600
BP1285,oda 5_trip,3000
BP1285,oda 6_trip,4000
BP1287,oda 1_vc,1.4
BP1287,oda 2_vc,2.3
BP1287,oda 3_vc,2.1
BP1287,oda 4_vc,2
BP1287,oda 5_vc,2
BP1287,oda 6_vc,3
BP1287,oda 1_trip,800
BP1287,oda 2_trip,1200
BP1287,oda 3_trip,1800
BP1287,oda 4_trip,2600
BP1287,oda 5_trip,3200
BP1287,oda 6_trip,4300
BP1290,oda 1_vc,1.7
BP1290,oda 2_vc,1.8
BP1290,oda 3_vc,3
BP1290,oda 4_vc,2.4
BP1290,oda 5_vc,2.4
BP1290,oda 6_vc,3.1
BP1290,oda 1_trip,1000
BP1290,oda 2_trip,1200
BP1290,oda 3_trip,1700
BP1290,oda 4_trip,2200
BP1290,oda 5_trip,3100
BP1290,oda 6_trip,4100
BP1293,oda 1_vc,1.6
BP1293,oda 2_vc,1.9
BP1293,oda 3_vc,2.4
BP1293,oda 4_vc,2.1
BP1293,oda 5_vc,2.1
BP1293,oda 6_vc,3
BP1293,oda 1_trip,900
BP1293,oda 2_trip,1200
BP1293,oda 3_trip,1700
BP1293,oda 4_trip,2300
BP1293,oda 5_trip,3100
BP1293,oda 6_trip,3900
BP1297,oda 1_vc,1.3
BP1297,oda 2_vc,1.8
BP1297,oda 3_vc,2.4
BP1297,oda 4_vc,2.1
BP1297,oda 5_vc,2.1
BP1297,oda 6_vc,2.8
BP1297,oda 1_trip,800
BP1297,oda 2_trip,1300
BP1297,oda 3_trip,1800
BP1297,oda 4_trip,2400
BP1297,oda 5_trip,3300
BP1297,oda 6_trip,4500
BP1298,oda 1_vc,1.4
BP1298,oda 2_vc,2
BP1298,oda 3_vc,2.3
BP1298,oda 4_vc,2.5
BP1298,oda 5_vc,2.5
BP1298,oda 6_vc,3.3
BP1298,oda 1_trip,900
BP1298,oda 2_trip,1400
BP1298,oda 3_trip,1900
BP1298,oda 4_trip,2600
BP1298,oda 5_trip,3000
BP1298,oda 6_trip,3700
BP1299,oda 1_vc,1.8
BP1299,oda 2_vc,2.1
BP1299,oda 3_vc,2.4
BP1299,oda 4_vc,2.3
BP1299,oda 5_vc,2.3
BP1299,oda 6_vc,3.1
BP1299,oda 1_trip,1000
BP1299,oda 2_trip,1300
BP1299,oda 3_trip,2000
BP1299,oda 4_trip,2200
BP1299,oda 5_trip,3300
BP1299,oda 6_trip,3900
BP1300,oda 1_vc,2
BP1300,oda 2_vc,2.5
BP1300,oda 3_vc,2.2
BP1300,oda 4_vc,2.6
BP1300,oda 5_vc,2.6
BP1300,oda 6_vc,2.5
BP1300,oda 1_trip,800
BP1300,oda 2_trip,1200
BP1300,oda 3_trip,1800
BP1300,oda 4_trip,2400
BP1300,oda 5_trip,3100
BP1300,oda 6_trip,4600
BP1307,oda 1_vc,1.8
BP1307,oda 2_vc,2.4
BP1307,oda 3_vc,2.6
BP1307,oda 4_vc,3
BP1307,oda 5_vc,3
BP1307,oda 6_vc,3.2
BP1307,oda 1_trip,900
BP1307,oda 2_trip,1300
BP1307,oda 3_trip,1800
BP1307,oda 4_trip,2500
BP1307,oda 5_trip,3400
BP1307,oda 6_trip,3800
BP1309,oda 1_vc,1.1
BP1309,oda 2_vc,1.7
BP1309,oda 3_vc,2.2
BP1309,oda 4_vc,2.7
BP1309,oda 5_vc,2.7
BP1309,oda 6_vc,3.4
BP1309,oda 1_trip,1000
BP1309,oda 2_trip,1400
BP1309,oda 3_trip,1800
BP1309,oda 4_trip,2200
BP1309,oda 5_trip,3000
BP1309,oda 6_trip,3700
BP1310,oda 1_vc,1.2
BP1310,oda 2_vc,2.2
BP1310,oda 3_vc,3
BP1310,oda 4_vc,2
BP1310,oda 5_vc,2
BP1310,oda 6_vc,3.4
BP1310,oda 1_trip,800
BP1310,oda 2_trip,1200
BP1310,oda 3_trip,1800
BP1310,oda 4_trip,2600
BP1310,oda 5_trip,3200
BP1310,oda 6_trip,4300
BP1313,oda 1_vc,1.3
BP1313,oda 2_vc,1.9
BP1313,oda 3_vc,2.6
BP1313,oda 4_vc,2.7
BP1313,oda 5_vc,2.7
BP1313,oda 6_vc,2.9
BP1313,oda 1_trip,800
BP1313,oda 2_trip,1400
BP1313,oda 3_trip,1800
BP1313,oda 4_trip,2400
BP1313,oda 5_trip,3000
BP1313,oda 6_trip,4500
BP1314,oda 1_vc,1.4
BP1314,oda 2_vc,1.9
BP1314,oda 3_vc,2.1
BP1314,oda 4_vc,2.3
BP1314,oda 5_vc,2.3
BP1314,oda 6_vc,2.9
BP1314,oda 1_trip,800
BP1314,oda 2_trip,1300
BP1314,oda 3_trip,1700
BP1314,oda 4_trip,2500
BP1314,oda 5_trip,3400
BP1314,oda 6_trip,3700
BP1315,oda 1_vc,1.6
BP1315,oda 2_vc,1.7
BP1315,oda 3_vc,2.2
BP1315,oda 4_vc,2.9
BP1315,oda 5_vc,2.9
BP1315,oda 6_vc,3.5
BP1315,oda 1_trip,800
BP1315,oda 2_trip,1300
BP1315,oda 3_trip,1800
BP1315,oda 4_trip,2500
BP1315,oda 5_trip,2800
BP1315,oda 6_trip,3700
BP1320,oda 1_vc,1.9
BP1320,oda 2_vc,2.2
BP1320,oda 3_vc,2.4
BP1320,oda 4_vc,2.3
BP1320,oda 5_vc,2.3
BP1320,oda 6_vc,3.5
BP1320,oda 1_trip,800
BP1320,oda 2_trip,1400
BP1320,oda 3_trip,1900
BP1320,oda 4_trip,2200
BP1320,oda 5_trip,3100
BP1320,oda 6_trip,4100
BP1322,oda 1_vc,1.4
BP1322,oda 2_vc,2.1
BP1322,oda 3_vc,2.2
BP1322,oda 4_vc,2.8
BP1322,oda 5_vc,2.8
BP1322,oda 6_vc,3.2
BP1322,oda 1_trip,900
BP1322,oda 2_trip,1200
BP1322,oda 3_trip,1700
BP1322,oda 4_trip,2400
BP1322,oda 5_trip,2800
BP1322,oda 6_trip,4400
BP1332,oda 1_vc,1.8
BP1332,oda 2_vc,1.6
BP1332,oda 3_vc,3
BP1332,oda 4_vc,2.9
BP1332,oda 5_vc,2.9
BP1332,oda 6_vc,2.6
BP1332,oda 1_trip,900
BP1332,oda 2_trip,1200
BP1332,oda 3_trip,1900
BP1332,oda 4_trip,2200
BP1332,oda 5_trip,3300
BP1332,oda 6_trip,3800
BP1334,oda 1_vc,1.9
BP1334,oda 2_vc,1.7
BP1334,oda 3_vc,2.7
BP1334,oda 4_vc,2.1
BP1334,oda 5_vc,2.1
BP1334,oda 6_vc,2.7
BP1334,oda 1_trip,800
BP1334,oda 2_trip,1200
BP1334,oda 3_trip,1900
BP1334,oda 4_trip,2200
BP1334,oda 5_trip,3000
BP1334,oda 6_trip,3500
BP1335,oda 1_vc,1.9
BP1335,oda 2_vc,2.4
BP1335,oda 3_vc,2.3
BP1335,oda 4_vc,2.4
BP1335,oda 5_vc,2.4
BP1335,oda 6_vc,2.8
BP1335,oda 1_trip,900
BP1335,oda 2_trip,1200
BP1335,oda 3_trip,1700
BP1335,oda 4_trip,2400
BP1335,oda 5_trip,3400
BP1335,oda 6_trip,4400
BP1339,oda 1_vc,2
BP1339,oda 2_vc,1.7
BP1339,oda 3_vc,2.1
BP1339,oda 4_vc,2.8
BP1339,oda 5_vc,2.8
BP1339,oda 6_vc,2.7
BP1339,oda 1_trip,800
BP1339,oda 2_trip,1200
BP1339,oda 3_trip,1700
BP1339,oda 4_trip,2400
BP1339,oda 5_trip,2900
BP1339,oda 6_trip,3900
BP1353,oda 1_vc,1.2
BP1353,oda 2_vc,1.6
BP1353,oda 3_vc,2.1
BP1353,oda 4_vc,2.8
BP1353,oda 5_vc,2.8
BP1353,oda 6_vc,3
BP1353,oda 1_trip,1000
BP1353,oda 2_trip,1400
BP1353,oda 3_trip,1700
BP1353,oda 4_trip,2300
BP1353,oda 5_trip,3200
BP1353,oda 6_trip,3900
BP1357,oda 1_vc,1.7
BP1357,oda 2_vc,2.4
BP1357,oda 3_vc,2.7
BP1357,oda 4_vc,2.4
BP1357,oda 5_vc,2.4
BP1357,oda 6_vc,3.5
BP1357,oda 1_trip,1000
BP1357,oda 2_trip,1200
BP1357,oda 3_trip,2000
BP1357,oda 4_trip,2400
BP1357,oda 5_trip,3300
BP1357,oda 6_trip,3600
BP1358,oda 1_vc,1.1
BP1358,oda 2_vc,2
BP1358,oda 3_vc,2.9
BP1358,oda 4_vc,3
BP1358,oda 5_vc,3
BP1358,oda 6_vc,2.8
BP1358,oda 1_trip,1000
BP1358,oda 2_trip,1300
BP1358,oda 3_trip,1900
BP1358,oda 4_trip,2500
BP1358,oda 5_trip,2800
BP1358,oda 6_trip,3900
BP1361,oda 1_vc,1.4
BP1361,oda 2_vc,2.2
BP1361,oda 3_vc,2.9
BP1361,oda 4_vc,2.2
BP1361,oda 5_vc,2.2
BP1361,oda 6_vc,3.2
BP1361,oda 1_trip,1000
BP1361,oda 2_trip,1200
BP1361,oda 3_trip,1900
BP1361,oda 4_trip,2200
BP1361,oda 5_trip,2800
BP1361,oda 6_trip,4000
BP1362,oda 1_vc,1.1
BP1362,oda 2_vc,2.1
BP1362,oda 3_vc,2.4
BP1362,oda 4_vc,2.7
BP1362,oda 5_vc,2.7
BP1362,oda 6_vc,2.6
BP1362,oda 1_trip,800
BP1362,oda 2_trip,1200
BP1362,oda 3_trip,1700
BP1362,oda 4_trip,2400
BP1362,oda 5_trip,2800
BP1362,oda 6_trip,3800
BP1365,oda 1_vc,1.9
BP1365,oda 2_vc,1.7
BP1365,oda 3_vc,2.5
BP1365,oda 4_vc,2.4
BP1365,oda 5_vc,2.4
BP1365,oda 6_vc,2.6
BP1365,oda 1_trip,800
BP1365,oda 2_trip,1400
BP1365,oda 3_trip,1700
BP1365,oda 4_trip,2400
BP1365,oda 5_trip,3300
BP1365,oda 6_trip,3800
BP1368,oda 1_vc,1.3
BP1368,oda 2_vc,1.6
BP1368,oda 3_vc,2.7
BP1368,oda 4_vc,2.4
BP1368,oda 5_vc,2.4
BP1368,oda 6_vc,2.9
BP1368,oda 1_trip,900
BP1368,oda 2_trip,1400
BP1368,oda 3_trip,1900
BP1368,oda 4_trip,2200
BP1368,oda 5_trip,3200
BP1368,oda 6_trip,4000
BP1369,oda 1_vc,1.2
BP1369,oda 2_vc,1.8
BP1369,oda 3_vc,2.5
BP1369,oda 4_vc,3
BP1369,oda 5_vc,3
BP1369,oda 6_vc,3
BP1369,oda 1_trip,800
BP1369,oda 2_trip,1300
BP1369,oda 3_trip,1800
BP1369,oda 4_trip,2200
BP1369,oda 5_trip,3400
BP1369,oda 6_trip,4200
BP1373,oda 1_vc,1.4
BP1373,oda 2_vc,1.7
BP1373,oda 3_vc,2.2
BP1373,oda 4_vc,2.2
BP1373,oda 5_vc,2.2
BP1373,oda 6_vc,2.7
BP1373,oda 1_trip,1000
BP1373,oda 2_trip,1400
BP1373,oda 3_trip,1900
BP1373,oda 4_trip,2400
BP1373,oda 5_trip,3300
BP1373,oda 6_trip,3800
BP1376,oda 1_vc,1.2
BP1376,oda 2_vc,2.3
BP1376,oda 3_vc,2.8
BP1376,oda 4_vc,2.9
BP1376,oda 5_vc,2.9
BP1376,oda 6_vc,3.5
BP1376,oda 1_trip,1000
BP1376,oda 2_trip,1300
BP1376,oda 3_trip,1900
BP1376,oda 4_trip,2400
BP1376,oda 5_trip,3100
BP1376,oda 6_trip,4400
BP1377,oda 1_vc,1.6
BP1377,oda 2_vc,2
BP1377,oda 3_vc,2
BP1377,oda 4_vc,2.9
BP1377,oda 5_vc,2.9
BP1377,oda 6_vc,3.4
BP1377,oda 1_trip,900
BP1377,oda 2_trip,1200
BP1377,oda 3_trip,1800
BP1377,oda 4_trip,2600
BP1377,oda 5_trip,3200
BP1377,oda 6_trip,4100
BP1384,oda 1_vc,1.1
BP1384,oda 2_vc,2.4
BP1384,oda 3_vc,2.7
BP1384,oda 4_vc,3
BP1384,oda 5_vc,3
BP1384,oda 6_vc,3
BP1384,oda 1_trip,800
BP1384,oda 2_trip,1300
BP1384,oda 3_trip,1700
BP1384,oda 4_trip,2600
BP1384,oda 5_trip,3000
BP1384,oda 6_trip,4000
BP1390,oda 1_vc,1.5
BP1390,oda 2_vc,1.7
BP1390,oda 3_vc,2.3
BP1390,oda 4_vc,2.3
BP1390,oda 5_vc,2.3
BP1390,oda 6_vc,3.1
BP1390,oda 1_trip,1000
BP1390,oda 2_trip,1200
BP1390,oda 3_trip,2000
BP1390,oda 4_trip,2400
BP1390,oda 5_trip,3200
BP1390,oda 6_trip,4000
BP1395,oda 1_vc,1
BP1395,oda 2_vc,2.1
BP1395,oda 3_vc,2.7
BP1395,oda 4_vc,2
BP1395,oda 5_vc,2
BP1395,oda 6_vc,3.3
BP1395,oda 1_trip,1000
BP1395,oda 2_trip,1300
BP1395,oda 3_trip,1700
BP1395,oda 4_trip,2300
BP1395,oda 5_trip,3000
BP1395,oda 6_trip,3500
BP1397,oda 1_vc,1.1
BP1397,oda 2_vc,2.4
BP1397,oda 3_vc,2.6
BP1397,oda 4_vc,2.4
BP1397,oda 5_vc,2.4
BP1397,oda 6_vc,3
BP1397,oda 1_trip,800
BP1397,oda 2_trip,1400
BP1397,oda 3_trip,1800
BP1397,oda 4_trip,2400
BP1397,oda 5_trip,2900
BP1397,oda 6_trip,4500
BP1400,oda 1_vc,1.9
BP1400,oda 2_vc,1.8
BP1400,oda 3_vc,2.4
BP1400,oda 4_vc,2.2
BP1400,oda 5_vc,2.2
BP1400,oda 6_vc,3.2
BP1400,oda 1_trip,900
BP1400,oda 2_trip,1400
BP1400,oda 3_trip,1800
BP1400,oda 4_trip,2200
BP1400,oda 5_trip,3200
BP1400,oda 6_trip,4300
BP1401,oda 1_vc,1.4
BP1401,oda 2_vc,1.9
BP1401,oda 3_vc,2.4
BP1401,oda 4_vc,2.8
BP1401,oda 5_vc,2.8
BP1401,oda 6_vc,2.7
BP1401,oda 1_trip,1000
BP1401,oda 2_trip,1200
BP1401,oda 3_trip,1700
BP1401,oda 4_trip,2600
BP1401,oda 5_trip,2900
BP1401,oda 6_trip,4500
BP1406,oda 1_vc,1.6
BP1406,oda 2_vc,2.3
BP1406,oda 3_vc,3
BP1406,oda 4_vc,2.4
BP1406,oda 5_vc,2.4
BP1406,oda 6_vc,2.7
BP1406,oda 1_trip,900
BP1406,oda 2_trip,1300
BP1406,oda 3_trip,1700
BP1406,oda 4_trip,2600
BP1406,oda 5_trip,3200
BP1406,oda 6_trip,4400
BP1411,oda 1_vc,1.9
BP1411,oda 2_vc,2.1
BP1411,oda 3_vc,2.2
BP1411,oda 4_vc,3
BP1411,oda 5_vc,3
BP1411,oda 6_vc,3.2
BP1411,oda 1_trip,900
BP1411,oda 2_trip,1400
BP1411,oda 3_trip,1700
BP1411,oda 4_trip,2400
BP1411,oda 5_trip,3300
BP1411,oda 6_trip,4300
BP1413,oda 1_vc,1
BP1413,oda 2_vc,2.1
BP1413,oda 3_vc,2.7
BP1413,oda 4_vc,2.5
BP1413,oda 5_vc,2.5
BP1413,oda 6_vc,3.4
BP1413,oda 1_trip,900
BP1413,oda 2_trip,1200
BP1413,oda 3_trip,1900
BP1413,oda 4_trip,2400
BP1413,oda 5_trip,3100
BP1413,oda 6_trip,4400
BP1414,oda 1_vc,1.4
BP1414,oda 2_vc,1.8
BP1414,oda 3_vc,2.1
BP1414,oda 4_vc,2.9
BP1414,oda 5_vc,2.9
BP1414,oda 6_vc,2.7
BP1414,oda 1_trip,800
BP1414,oda 2_trip,1300
BP1414,oda 3_trip,1700
BP1414,oda 4_trip,2500
BP1414,oda 5_trip,3400
BP1414,oda 6_trip,4000
BP1416,oda 1_vc,1.3
BP1416,oda 2_vc,2.1
BP1416,oda 3_vc,2.7
BP1416,oda 4_vc,2.5
BP1416,oda 5_vc,2.5
BP1416,oda 6_vc,2.8
BP1416,oda 1_trip,1000
BP1416,oda 2_trip,1300
BP1416,oda 3_trip,1800
BP1416,oda 4_trip,2200
BP1416,oda 5_trip,3100
BP1416,oda 6_trip,3500
BP1417,oda 1_vc,1.1
BP1417,oda 2_vc,2.1
BP1417,oda 3_vc,2.5
BP1417,oda 4_vc,2.3
BP1417,oda 5_vc,2.3
BP1417,oda 6_vc,3.2
BP1417,oda 1_trip,800
BP1417,oda 2_trip,1200
BP1417,oda 3_trip,1700
BP1417,oda 4_trip,2500
BP1417,oda 5_trip,2800
BP1417,oda 6_trip,4300
BP1422,oda 1_vc,1.6
BP1422,oda 2_vc,2.5
BP1422,oda 3_vc,2.2
BP1422,oda 4_vc,2.3
BP1422,oda 5_vc,2.3
BP1422,oda 6_vc,2.8
BP1422,oda 1_trip,900
BP1422,oda 2_trip,1200
BP1422,oda 3_trip,1800
BP1422,oda 4_trip,2600
BP1422,oda 5_trip,2800
BP1422,oda 6_trip,4300
BP1423,oda 1_vc,1.2
BP1423,oda 2_vc,2.3
BP1423,oda 3_vc,2.2
BP1423,oda 4_vc,2.2
BP1423,oda 5_vc,2.2
BP1423,oda 6_vc,2.9
BP1423,oda 1_trip,900
BP1423,oda 2_trip,1400
BP1423,oda 3_trip,1900
BP1423,oda 4_trip,2400
BP1423,oda 5_trip,2800
BP1423,oda 6_trip,4500
BP1426,oda 1_vc,1.1
BP1426,oda 2_vc,2.4
BP1426,oda 3_vc,2.4
BP1426,oda 4_vc,3
BP1426,oda 5_vc,3
BP1426,oda 6_vc,3.4
BP1426,oda 1_trip,1000
BP1426,oda 2_trip,1300
BP1426,oda 3_trip,2000
BP1426,oda 4_trip,2500
BP1426,oda 5_trip,2900
BP1426,oda 6_trip,4300
BP1427,oda 1_vc,2
BP1427,oda 2_vc,2.1
BP1427,oda 3_vc,2.8
BP1427,oda 4_vc,2.7
BP1427,oda 5_vc,2.7
BP1427,oda 6_vc,2.5
BP1427,oda 1_trip,1000
BP1427,oda 2_trip,1200
BP1427,oda 3_trip,1800
BP1427,oda 4_trip,2200
BP1427,oda 5_trip,2800
BP1427,oda 6_trip,3500
BP1435,oda 1_vc,1.8
BP1435,oda 2_vc,2.5
BP1435,oda 3_vc,2.1
BP1435,oda 4_vc,2.7
BP1435,oda 5_vc,2.7
BP1435,oda 6_vc,2.6
BP1435,oda 1_trip,1000
BP1435,oda 2_trip,1200
BP1435,oda 3_trip,1900
BP1435,oda 4_trip,2400
BP1435,oda 5_trip,3200
BP1435,oda 6_trip,4600
BP1438,oda 1_vc,1.7
BP1438,oda 2_vc,1.9
BP1438,oda 3_vc,2.7
BP1438,oda 4_vc,2.4
BP1438,oda 5_vc,2.4
BP1438,oda 6_vc,2.9
BP1438,oda 1_trip,1000
BP1438,oda 2_trip,1300
BP1438,oda 3_trip,1900
BP1438,oda 4_trip,2300
BP1438,oda 5_trip,2800
BP1438,oda 6_trip,4200
BP1441,oda 1_vc,1.7
BP1441,oda 2_vc,1.7
BP1441,oda 3_vc,2.5
BP1441,oda 4_vc,2.6
BP1441,oda 5_vc,2.6
BP1441,oda 6_vc,2.8
BP1441,oda 1_trip,800
BP1441,oda 2_trip,1300
BP1441,oda 3_trip,1900
BP1441,oda 4_trip,2200
BP1441,oda 5_trip,3000
BP1441,oda 6_trip,4400
BP1443,oda 1_vc,1.7
BP1443,oda 2_vc,1.8
BP1443,oda 3_vc,2.1
BP1443,oda 4_vc,2.9
BP1443,oda 5_vc,2.9
BP1443,oda 6_vc,3.3
BP1443,oda 1_trip,800
BP1443,oda 2_trip,1300
BP1443,oda 3_trip,1800
BP1443,oda 4_trip,2500
BP1443,oda 5_trip,3100
BP1443,oda 6_trip,4200
BP1444,oda 1_vc,1.4
BP1444,oda 2_vc,2.4
BP1444,oda 3_vc,2.3
BP1444,oda 4_vc,2.5
BP1444,oda 5_vc,2.5
BP1444,oda 6_vc,2.7
BP1444,oda 1_trip,1000
BP1444,oda 2_trip,1400
BP1444,oda 3_trip,1900
BP1444,oda 4_trip,2300
BP1444,oda 5_trip,2800
BP1444,oda 6_trip,3600
BP1446,oda 1_vc,2
BP1446,oda 2_vc,1.7
BP1446,oda 3_vc,2.9
BP1446,oda 4_vc,2.3
BP1446,oda 5_vc,2.3
BP1446,oda 6_vc,3.3
BP1446,oda 1_trip,800
BP1446,oda 2_trip,1200
BP1446,oda 3_trip,1800
BP1446,oda 4_trip,2400
BP1446,oda 5_trip,3200
BP1446,oda 6_trip,3800
BP1453,oda 1_vc,1.6
BP1453,oda 2_vc,2
BP1453,oda 3_vc,2.6
BP1453,oda 4_vc,2.4
BP1453,oda 5_vc,2.4
BP1453,oda 6_vc,2.6
BP1453,oda 1_trip,900
BP1453,oda 2_trip,1300
BP1453,oda 3_trip,2000
BP1453,oda 4_trip,2200
BP1453,oda 5_trip,2900
BP1453,oda 6_trip,4600
BP1454 ,oda 1_vc,1.7
BP1454 ,oda 2_vc,1.7
BP1454 ,oda 3_vc,2.4
BP1454 ,oda 4_vc,2.3
BP1454 ,oda 5_vc,2.3
BP1454 ,oda 6_vc,3.1
BP1454 ,oda 1_trip,1000
BP1454 ,oda 2_trip,1400
BP1454 ,oda 3_trip,1700
BP1454 ,oda 4_trip,2300
BP1454 ,oda 5_trip,2900
BP1454 ,oda 6_trip,3600
BP1459,oda 1_vc,1.7
BP1459,oda 2_vc,1.6
BP1459,oda 3_vc,2.1
BP1459,oda 4_vc,2.3
BP1459,oda 5_vc,2.3
BP1459,oda 6_vc,3
BP1459,oda 1_trip,800
BP1459,oda 2_trip,1300
BP1459,oda 3_trip,1900
BP1459,oda 4_trip,2300
BP1459,oda 5_trip,3400
BP1459,oda 6_trip,3700
BP1460,oda 1_vc,1.4
BP1460,oda 2_vc,2
BP1460,oda 3_vc,2.2
BP1460,oda 4_vc,2.2
BP1460,oda 5_vc,2.2
BP1460,oda 6_vc,2.9
BP1460,oda 1_trip,800
BP1460,oda 2_trip,1400
BP1460,oda 3_trip,1700
BP1460,oda 4_trip,2500
BP1460,oda 5_trip,2900
BP1460,oda 6_trip,4200
BP1462,oda 1_vc,1.2
BP1462,oda 2_vc,1.9
BP1462,oda 3_vc,2.3
BP1462,oda 4_vc,2.8
BP1462,oda 5_vc,2.8
BP1462,oda 6_vc,3
BP1462,oda 1_trip,1000
BP1462,oda 2_trip,1200
BP1462,oda 3_trip,1900
BP1462,oda 4_trip,2200
BP1462,oda 5_trip,3200
BP1462,oda 6_trip,4000
BP1470,oda 1_vc,1.6
BP1470,oda 2_vc,1.9
BP1470,oda 3_vc,2.9
BP1470,oda 4_vc,2.8
BP1470,oda 5_vc,2.8
BP1470,oda 6_vc,2.5
BP1470,oda 1_trip,800
BP1470,oda 2_trip,1300
BP1470,oda 3_trip,1800
BP1470,oda 4_trip,2600
BP1470,oda 5_trip,3400
BP1470,oda 6_trip,3900
BP1473,oda 1_vc,1.3
BP1473,oda 2_vc,1.9
BP1473,oda 3_vc,2.1
BP1473,oda 4_vc,2.1
BP1473,oda 5_vc,2.1
BP1473,oda 6_vc,3.1
BP1473,oda 1_trip,900
BP1473,oda 2_trip,1400
BP1473,oda 3_trip,1800
BP1473,oda 4_trip,2400
BP1473,oda 5_trip,2900
BP1473,oda 6_trip,3600
BP1474,oda 1_vc,1.9
BP1474,oda 2_vc,2.4
BP1474,oda 3_vc,2.5
BP1474,oda 4_vc,2.5
BP1474,oda 5_vc,2.5
BP1474,oda 6_vc,2.7
BP1474,oda 1_trip,1000
BP1474,oda 2_trip,1300
BP1474,oda 3_trip,2000
BP1474,oda 4_trip,2400
BP1474,oda 5_trip,2800
BP1474,oda 6_trip,4500
BP1475,oda 1_vc,1.1
BP1475,oda 2_vc,2.1
BP1475,oda 3_vc,2.6
BP1475,oda 4_vc,2.8
BP1475,oda 5_vc,2.8
BP1475,oda 6_vc,2.8
BP1475,oda 1_trip,1000
BP1475,oda 2_trip,1400
BP1475,oda 3_trip,2000
BP1475,oda 4_trip,2600
BP1475,oda 5_trip,3300
BP1475,oda 6_trip,3700
BP1476,oda 1_vc,1.6
BP1476,oda 2_vc,2.4
BP1476,oda 3_vc,2.2
BP1476,oda 4_vc,2.7
BP1476,oda 5_vc,2.7
BP1476,oda 6_vc,2.6
BP1476,oda 1_trip,900
BP1476,oda 2_trip,1400
BP1476,oda 3_trip,1800
BP1476,oda 4_trip,2600
BP1476,oda 5_trip,3400
BP1476,oda 6_trip,3700
BP1477,oda 1_vc,2
BP1477,oda 2_vc,1.7
BP1477,oda 3_vc,2.7
BP1477,oda 4_vc,2.6
BP1477,oda 5_vc,2.6
BP1477,oda 6_vc,2.7
BP1477,oda 1_trip,900
BP1477,oda 2_trip,1300
BP1477,oda 3_trip,2100
BP1477,oda 4_trip,2600
BP1477,oda 5_trip,2800
BP1477,oda 6_trip,4500
BP1478,oda 1_vc,1.5
BP1478,oda 2_vc,2.3
BP1478,oda 3_vc,2.1
BP1478,oda 4_vc,2.4
BP1478,oda 5_vc,2.4
BP1478,oda 6_vc,3.3
BP1478,oda 1_trip,1000
BP1478,oda 2_trip,1400
BP1478,oda 3_trip,1900
BP1478,oda 4_trip,2600
BP1478,oda 5_trip,3400
BP1478,oda 6_trip,4500
BP1481,oda 1_vc,1.1
BP1481,oda 2_vc,2.3
BP1481,oda 3_vc,2.9
BP1481,oda 4_vc,3
BP1481,oda 5_vc,3
BP1481,oda 6_vc,3
BP1481,oda 1_trip,1000
BP1481,oda 2_trip,1200
BP1481,oda 3_trip,1700
BP1481,oda 4_trip,2400
BP1481,oda 5_trip,2900
BP1481,oda 6_trip,4200
BP1482,oda 1_vc,1.9
BP1482,oda 2_vc,1.8
BP1482,oda 3_vc,2.3
BP1482,oda 4_vc,2.4
BP1482,oda 5_vc,2.4
BP1482,oda 6_vc,3.4
BP1482,oda 1_trip,800
BP1482,oda 2_trip,1200
BP1482,oda 3_trip,2000
BP1482,oda 4_trip,2500
BP1482,oda 5_trip,3300
BP1482,oda 6_trip,4600
BP1485,oda 1_vc,1
BP1485,oda 2_vc,2.4
BP1485,oda 3_vc,2.7
BP1485,oda 4_vc,2.3
BP1485,oda 5_vc,2.3
BP1485,oda 6_vc,3
BP1485,oda 1_trip,1100
BP1485,oda 2_trip,1400
BP1485,oda 3_trip,2100
BP1485,oda 4_trip,2400
BP1485,oda 5_trip,3300
BP1485,oda 6_trip,3600
BP1487,oda 1_vc,1.1
BP1487,oda 2_vc,1.9
BP1487,oda 3_vc,2.6
BP1487,oda 4_vc,2.9
BP1487,oda 5_vc,2.9
BP1487,oda 6_vc,2.8
BP1487,oda 1_trip,900
BP1487,oda 2_trip,1200
BP1487,oda 3_trip,1800
BP1487,oda 4_trip,2200
BP1487,oda 5_trip,2900
BP1487,oda 6_trip,3900
BP1490,oda 1_vc,1.1
BP1490,oda 2_vc,2.4
BP1490,oda 3_vc,2.8
BP1490,oda 4_vc,2.2
BP1490,oda 5_vc,2.2
BP1490,oda 6_vc,3.5
BP1490,oda 1_trip,1000
BP1490,oda 2_trip,1300
BP1490,oda 3_trip,1900
BP1490,oda 4_trip,2600
BP1490,oda 5_trip,2800
BP1490,oda 6_trip,3500
BP1491,oda 1_vc,1.6
BP1491,oda 2_vc,2.4
BP1491,oda 3_vc,3
BP1491,oda 4_vc,2.6
BP1491,oda 5_vc,2.6
BP1491,oda 6_vc,3.3
BP1491,oda 1_trip,900
BP1491,oda 2_trip,1400
BP1491,oda 3_trip,2000
BP1491,oda 4_trip,2600
BP1491,oda 5_trip,3300
BP1491,oda 6_trip,4500
BP1492,oda 1_vc,1.4
BP1492,oda 2_vc,1.8
BP1492,oda 3_vc,3
BP1492,oda 4_vc,2.8
BP1492,oda 5_vc,2.8
BP1492,oda 6_vc,3.2
BP1492,oda 1_trip,800
BP1492,oda 2_trip,1400
BP1492,oda 3_trip,1700
BP1492,oda 4_trip,2500
BP1492,oda 5_trip,3000
BP1492,oda 6_trip,4400
BP1493,oda 1_vc,1.7
BP1493,oda 2_vc,2.5
BP1493,oda 3_vc,2.3
BP1493,oda 4_vc,2.2
BP1493,oda 5_vc,2.2
BP1493,oda 6_vc,3.1
BP1493,oda 1_trip,1000
BP1493,oda 2_trip,1300
BP1493,oda 3_trip,1800
BP1493,oda 4_trip,2400
BP1493,oda 5_trip,3000
BP1493,oda 6_trip,4100
BP1494,oda 1_vc,2
BP1494,oda 2_vc,2.4
BP1494,oda 3_vc,2.9
BP1494,oda 4_vc,2.7
BP1494,oda 5_vc,2.7
BP1494,oda 6_vc,2.7
BP1494,oda 1_trip,800
BP1494,oda 2_trip,1400
BP1494,oda 3_trip,1900
BP1494,oda 4_trip,2300
BP1494,oda 5_trip,2800
BP1494,oda 6_trip,3900
BP1495,oda 1_vc,1.1
BP1495,oda 2_vc,2.3
BP1495,oda 3_vc,2.7
BP1495,oda 4_vc,2
BP1495,oda 5_vc,2
BP1495,oda 6_vc,3.5
BP1495,oda 1_trip,800
BP1495,oda 2_trip,1300
BP1495,oda 3_trip,2000
BP1495,oda 4_trip,2300
BP1495,oda 5_trip,3400
BP1495,oda 6_trip,3600
BP1499,oda 1_vc,1.2
BP1499,oda 2_vc,1.7
BP1499,oda 3_vc,2.1
BP1499,oda 4_vc,2.8
BP1499,oda 5_vc,2.8
BP1499,oda 6_vc,2.6
BP1499,oda 1_trip,1000
BP1499,oda 2_trip,1200
BP1499,oda 3_trip,1900
BP1499,oda 4_trip,2300
BP1499,oda 5_trip,3100
BP1499,oda 6_trip,3500
BP1500,oda 1_vc,1.9
BP1500,oda 2_vc,1.6
BP1500,oda 3_vc,2.2
BP1500,oda 4_vc,2.8
BP1500,oda 5_vc,2.8
BP1500,oda 6_vc,3.1
BP1500,oda 1_trip,900
BP1500,oda 2_trip,1200
BP1500,oda 3_trip,2000
BP1500,oda 4_trip,2200
BP1500,oda 5_trip,3300
BP1500,oda 6_trip,4000
BP1501,oda 1_vc,1.1
BP1501,oda 2_vc,2.1
BP1501,oda 3_vc,2.7
BP1501,oda 4_vc,2
BP1501,oda 5_vc,2
BP1501,oda 6_vc,3.3
BP1501,oda 1_trip,800
BP1501,oda 2_trip,1300
BP1501,oda 3_trip,2000
BP1501,oda 4_trip,2200
BP1501,oda 5_trip,3400
BP1501,oda 6_trip,3500
BP1502,oda 1_vc,1.8
BP1502,oda 2_vc,2.3
BP1502,oda 3_vc,2.4
BP1502,oda 4_vc,2.9
BP1502,oda 5_vc,2.9
BP1502,oda 6_vc,2.9
BP1502,oda 1_trip,900
BP1502,oda 2_trip,1400
BP1502,oda 3_trip,1800
BP1502,oda 4_trip,2600
BP1502,oda 5_trip,2900
BP1502,oda 6_trip,3700
BP1504,oda 1_vc,1.5
BP1504,oda 2_vc,2.4
BP1504,oda 3_vc,2.4
BP1504,oda 4_vc,2.4
BP1504,oda 5_vc,2.4
BP1504,oda 6_vc,2.7
BP1504,oda 1_trip,900
BP1504,oda 2_trip,1400
BP1504,oda 3_trip,2000
BP1504,oda 4_trip,2400
BP1504,oda 5_trip,3100
BP1504,oda 6_trip,3600
BP1505,oda 1_vc,1.2
BP1505,oda 2_vc,1.6
BP1505,oda 3_vc,2.9
BP1505,oda 4_vc,2.1
BP1505,oda 5_vc,2.1
BP1505,oda 6_vc,2.5
BP1505,oda 1_trip,900
BP1505,oda 2_trip,1300
BP1505,oda 3_trip,1800
BP1505,oda 4_trip,2500
BP1505,oda 5_trip,3400
BP1505,oda 6_trip,3500
BP1506,oda 1_vc,1.9
BP1506,oda 2_vc,2
BP1506,oda 3_vc,2.5
BP1506,oda 4_vc,2.9
BP1506,oda 5_vc,2.9
BP1506,oda 6_vc,2.8
BP1506,oda 1_trip,900
BP1506,oda 2_trip,1400
BP1506,oda 3_trip,2000
BP1506,oda 4_trip,2400
BP1506,oda 5_trip,3400
BP1506,oda 6_trip,4300
BP1508,oda 1_vc,1
BP1508,oda 2_vc,2.1
BP1508,oda 3_vc,3
BP1508,oda 4_vc,2.5
BP1508,oda 5_vc,2.5
BP1508,oda 6_vc,3
BP1508,oda 1_trip,900
BP1508,oda 2_trip,1200
BP1508,oda 3_trip,1800
BP1508,oda 4_trip,2500
BP1508,oda 5_trip,3100
BP1508,oda 6_trip,4400
BP1510,oda 1_vc,1.7
BP1510,oda 2_vc,2.1
BP1510,oda 3_vc,2.8
BP1510,oda 4_vc,2.5
BP1510,oda 5_vc,2.5
BP1510,oda 6_vc,2.5
BP1510,oda 1_trip,900
BP1510,oda 2_trip,1400
BP1510,oda 3_trip,2000
BP1510,oda 4_trip,2500
BP1510,oda 5_trip,3400
BP1510,oda 6_trip,4700
BP1511,oda 1_vc,1.3
BP1511,oda 2_vc,2
BP1511,oda 3_vc,2.4
BP1511,oda 4_vc,2.6
BP1511,oda 5_vc,2.6
BP1511,oda 6_vc,3.2
BP1511,oda 1_trip,1000
BP1511,oda 2_trip,1400
BP1511,oda 3_trip,1800
BP1511,oda 4_trip,2300
BP1511,oda 5_trip,2900
BP1511,oda 6_trip,4100
BP1512,oda 1_vc,1.4
BP1512,oda 2_vc,2.1
BP1512,oda 3_vc,2.4
BP1512,oda 4_vc,2.5
BP1512,oda 5_vc,2.5
BP1512,oda 6_vc,2.5
BP1512,oda 1_trip,900
BP1512,oda 2_trip,1400
BP1512,oda 3_trip,1900
BP1512,oda 4_trip,2400
BP1512,oda 5_trip,3300
BP1512,oda 6_trip,3800
BP1513,oda 1_vc,1.5
BP1513,oda 2_vc,2.2
BP1513,oda 3_vc,2.7
BP1513,oda 4_vc,2.6
BP1513,oda 5_vc,2.6
BP1513,oda 6_vc,2.8
BP1513,oda 1_trip,800
BP1513,oda 2_trip,1400
BP1513,oda 3_trip,2000
BP1513,oda 4_trip,2500
BP1513,oda 5_trip,3100
BP1513,oda 6_trip,3600
BP1515,oda 1_vc,1.8
BP1515,oda 2_vc,2.3
BP1515,oda 3_vc,2.8
BP1515,oda 4_vc,2.9
BP1515,oda 5_vc,2.9
BP1515,oda 6_vc,2.9
BP1515,oda 1_trip,1000
BP1515,oda 2_trip,1400
BP1515,oda 3_trip,1900
BP1515,oda 4_trip,2600
BP1515,oda 5_trip,2900
BP1515,oda 6_trip,3700
BP1519,oda 1_vc,1.6
BP1519,oda 2_vc,2
BP1519,oda 3_vc,2
BP1519,oda 4_vc,2.2
BP1519,oda 5_vc,2.2
BP1519,oda 6_vc,3.1
BP1519,oda 1_trip,800
BP1519,oda 2_trip,1300
BP1519,oda 3_trip,1700
BP1519,oda 4_trip,2300
BP1519,oda 5_trip,2900
BP1519,oda 6_trip,4600
BP1521,oda 1_vc,2
BP1521,oda 2_vc,2
BP1521,oda 3_vc,2.4
BP1521,oda 4_vc,2
BP1521,oda 5_vc,2
BP1521,oda 6_vc,2.9
BP1521,oda 1_trip,1000
BP1521,oda 2_trip,1200
BP1521,oda 3_trip,2000
BP1521,oda 4_trip,2200
BP1521,oda 5_trip,3000
BP1521,oda 6_trip,3600
BP1522,oda 1_vc,1.9
BP1522,oda 2_vc,1.7
BP1522,oda 3_vc,2.2
BP1522,oda 4_vc,2.5
BP1522,oda 5_vc,2.5
BP1522,oda 6_vc,3
BP1522,oda 1_trip,900
BP1522,oda 2_trip,1200
BP1522,oda 3_trip,1900
BP1522,oda 4_trip,2200
BP1522,oda 5_trip,2900
BP1522,oda 6_trip,4200
BP1523,oda 1_vc,1.6
BP1523,oda 2_vc,1.8
BP1523,oda 3_vc,2.4
BP1523,oda 4_vc,2.5
BP1523,oda 5_vc,2.5
BP1523,oda 6_vc,2.7
BP1523,oda 1_trip,1000
BP1523,oda 2_trip,1200
BP1523,oda 3_trip,1700
BP1523,oda 4_trip,2500
BP1523,oda 5_trip,3100
BP1523,oda 6_trip,4300
BP1525,oda 1_vc,1.1
BP1525,oda 2_vc,1.7
BP1525,oda 3_vc,2.6
BP1525,oda 4_vc,2.9
BP1525,oda 5_vc,2.9
BP1525,oda 6_vc,3.2
BP1525,oda 1_trip,800
BP1525,oda 2_trip,1300
BP1525,oda 3_trip,2000
BP1525,oda 4_trip,2200
BP1525,oda 5_trip,3000
BP1525,oda 6_trip,3700
BP1531,oda 1_vc,1.8
BP1531,oda 2_vc,1.6
BP1531,oda 3_vc,2.7
BP1531,oda 4_vc,2.6
BP1531,oda 5_vc,2.6
BP1531,oda 6_vc,3.4
BP1531,oda 1_trip,800
BP1531,oda 2_trip,1400
BP1531,oda 3_trip,1700
BP1531,oda 4_trip,2500
BP1531,oda 5_trip,2800
BP1531,oda 6_trip,4100
BP1532,oda 1_vc,1.9
BP1532,oda 2_vc,1.9
BP1532,oda 3_vc,2.5
BP1532,oda 4_vc,2.2
BP1532,oda 5_vc,2.2
BP1532,oda 6_vc,3
BP1532,oda 1_trip,800
BP1532,oda 2_trip,1300
BP1532,oda 3_trip,2000
BP1532,oda 4_trip,2300
BP1532,oda 5_trip,3000
BP1532,oda 6_trip,3800
BP1533,oda 1_vc,1.4
BP1533,oda 2_vc,2.3
BP1533,oda 3_vc,2
BP1533,oda 4_vc,2.5
BP1533,oda 5_vc,2.5
BP1533,oda 6_vc,2.7
BP1533,oda 1_trip,900
BP1533,oda 2_trip,1200
BP1533,oda 3_trip,1700
BP1533,oda 4_trip,2400
BP1533,oda 5_trip,3000
BP1533,oda 6_trip,4400
BP1534,oda 1_vc,1.9
BP1534,oda 2_vc,1.9
BP1534,oda 3_vc,2.7
BP1534,oda 4_vc,2.7
BP1534,oda 5_vc,2.7
BP1534,oda 6_vc,2.7
BP1534,oda 1_trip,1000
BP1534,oda 2_trip,1400
BP1534,oda 3_trip,2000
BP1534,oda 4_trip,2400
BP1534,oda 5_trip,3300
BP1534,oda 6_trip,4100
BP1535,oda 1_vc,1.7
BP1535,oda 2_vc,1.7
BP1535,oda 3_vc,2.8
BP1535,oda 4_vc,2.3
BP1535,oda 5_vc,2.3
BP1535,oda 6_vc,3.1
BP1535,oda 1_trip,900
BP1535,oda 2_trip,1200
BP1535,oda 3_trip,1900
BP1535,oda 4_trip,2200
BP1535,oda 5_trip,3400
BP1535,oda 6_trip,3700
BP1536,oda 1_vc,1.5
BP1536,oda 2_vc,1.6
BP1536,oda 3_vc,2.5
BP1536,oda 4_vc,2.6
BP1536,oda 5_vc,2.6
BP1536,oda 6_vc,3.4
BP1536,oda 1_trip,800
BP1536,oda 2_trip,1300
BP1536,oda 3_trip,1800
BP1536,oda 4_trip,2200
BP1536,oda 5_trip,2900
BP1536,oda 6_trip,3800
BP1540,oda 1_vc,1.9
BP1540,oda 2_vc,1.8
BP1540,oda 3_vc,2.6
BP1540,oda 4_vc,2
BP1540,oda 5_vc,2
BP1540,oda 6_vc,2.7
BP1540,oda 1_trip,1000
BP1540,oda 2_trip,1200
BP1540,oda 3_trip,2000
BP1540,oda 4_trip,2600
BP1540,oda 5_trip,2800
BP1540,oda 6_trip,4300
BP1542,oda 1_vc,1.2
BP1542,oda 2_vc,1.8
BP1542,oda 3_vc,2.4
BP1542,oda 4_vc,2.8
BP1542,oda 5_vc,2.8
BP1542,oda 6_vc,3.1
BP1542,oda 1_trip,800
BP1542,oda 2_trip,1400
BP1542,oda 3_trip,2000
BP1542,oda 4_trip,2400
BP1542,oda 5_trip,2800
BP1542,oda 6_trip,3900
BP1545,oda 1_vc,1.7
BP1545,oda 2_vc,2.1
BP1545,oda 3_vc,2.4
BP1545,oda 4_vc,2.5
BP1545,oda 5_vc,2.5
BP1545,oda 6_vc,3.5
BP1545,oda 1_trip,800
BP1545,oda 2_trip,1300
BP1545,oda 3_trip,2000
BP1545,oda 4_trip,2300
BP1545,oda 5_trip,3100
BP1545,oda 6_trip,3800
BP1550,oda 1_vc,2
BP1550,oda 2_vc,1.5
BP1550,oda 3_vc,2.3
BP1550,oda 4_vc,2.7
BP1550,oda 5_vc,2.7
BP1550,oda 6_vc,2.8
BP1550,oda 1_trip,800
BP1550,oda 2_trip,1400
BP1550,oda 3_trip,1900
BP1550,oda 4_trip,2400
BP1550,oda 5_trip,3300
BP1550,oda 6_trip,4000
BP1554,oda 1_vc,1.9
BP1554,oda 2_vc,1.7
BP1554,oda 3_vc,2.2
BP1554,oda 4_vc,2.8
BP1554,oda 5_vc,2.8
BP1554,oda 6_vc,2.9
BP1554,oda 1_trip,800
BP1554,oda 2_trip,1300
BP1554,oda 3_trip,1700
BP1554,oda 4_trip,2200
BP1554,oda 5_trip,3000
BP1554,oda 6_trip,3600
BP1558,oda 1_vc,1.2
BP1558,oda 2_vc,1.8
BP1558,oda 3_vc,2.7
BP1558,oda 4_vc,2.7
BP1558,oda 5_vc,2.7
BP1558,oda 6_vc,3
BP1558,oda 1_trip,800
BP1558,oda 2_trip,1300
BP1558,oda 3_trip,1800
BP1558,oda 4_trip,2600
BP1558,oda 5_trip,3400
BP1558,oda 6_trip,3900
BP1561,oda 1_vc,1.6
BP1561,oda 2_vc,2.5
BP1561,oda 3_vc,2.8
BP1561,oda 4_vc,2.3
BP1561,oda 5_vc,2.3
BP1561,oda 6_vc,2.6
BP1561,oda 1_trip,1000
BP1561,oda 2_trip,1200
BP1561,oda 3_trip,1700
BP1561,oda 4_trip,2600
BP1561,oda 5_trip,3300
BP1561,oda 6_trip,3500
BP1565,oda 1_vc,1.4
BP1565,oda 2_vc,2.2
BP1565,oda 3_vc,2.2
BP1565,oda 4_vc,2.7
BP1565,oda 5_vc,2.7
BP1565,oda 6_vc,2.6
BP1565,oda 1_trip,900
BP1565,oda 2_trip,1300
BP1565,oda 3_trip,1900
BP1565,oda 4_trip,2400
BP1565,oda 5_trip,3300
BP1565,oda 6_trip,3700
BP1566,oda 1_vc,2
BP1566,oda 2_vc,1.9
BP1566,oda 3_vc,2.9
BP1566,oda 4_vc,2.1
BP1566,oda 5_vc,2.1
BP1566,oda 6_vc,3.4
BP1566,oda 1_trip,1000
BP1566,oda 2_trip,1200
BP1566,oda 3_trip,1800
BP1566,oda 4_trip,2400
BP1566,oda 5_trip,3000
BP1566,oda 6_trip,3800
BP1578,oda 1_vc,1.8
BP1578,oda 2_vc,1.8
BP1578,oda 3_vc,2.2
BP1578,oda 4_vc,2.2
BP1578,oda 5_vc,2.2
BP1578,oda 6_vc,3.1
BP1578,oda 1_trip,1000
BP1578,oda 2_trip,1400
BP1578,oda 3_trip,1900
BP1578,oda 4_trip,2500
BP1578,oda 5_trip,3000
BP1578,oda 6_trip,4100
BP1584,oda 1_vc,1.9
BP1584,oda 2_vc,2.5
BP1584,oda 3_vc,2.1
BP1584,oda 4_vc,2.1
BP1584,oda 5_vc,2.1
BP1584,oda 6_vc,3.2
BP1584,oda 1_trip,1000
BP1584,oda 2_trip,1400
BP1584,oda 3_trip,1800
BP1584,oda 4_trip,2500
BP1584,oda 5_trip,2900
BP1584,oda 6_trip,3900
BP1585,oda 1_vc,1.7
BP1585,oda 2_vc,2.2
BP1585,oda 3_vc,2.7
BP1585,oda 4_vc,2.6
BP1585,oda 5_vc,2.6
BP1585,oda 6_vc,2.6
BP1585,oda 1_trip,900
BP1585,oda 2_trip,1400
BP1585,oda 3_trip,1800
BP1585,oda 4_trip,2500
BP1585,oda 5_trip,3400
BP1585,oda 6_trip,3600
BP1586,oda 1_vc,1.9
BP1586,oda 2_vc,2.5
BP1586,oda 3_vc,2.5
BP1586,oda 4_vc,2.6
BP1586,oda 5_vc,2.6
BP1586,oda 6_vc,3
BP1586,oda 1_trip,800
BP1586,oda 2_trip,1200
BP1586,oda 3_trip,1700
BP1586,oda 4_trip,2400
BP1586,oda 5_trip,3200
BP1586,oda 6_trip,4000
BP1587,oda 1_vc,1.1
BP1587,oda 2_vc,2.4
BP1587,oda 3_vc,2.1
BP1587,oda 4_vc,2.8
BP1587,oda 5_vc,2.8
BP1587,oda 6_vc,3
BP1587,oda 1_trip,1000
BP1587,oda 2_trip,1200
BP1587,oda 3_trip,1700
BP1587,oda 4_trip,2200
BP1587,oda 5_trip,3100
BP1587,oda 6_trip,3900
BP1589,oda 1_vc,1.3
BP1589,oda 2_vc,1.6
BP1589,oda 3_vc,2.7
BP1589,oda 4_vc,2.6
BP1589,oda 5_vc,2.6
BP1589,oda 6_vc,2.5
BP1589,oda 1_trip,900
BP1589,oda 2_trip,1400
BP1589,oda 3_trip,1800
BP1589,oda 4_trip,2600
BP1589,oda 5_trip,3000
BP1589,oda 6_trip,3500
BP1590,oda 1_vc,1.4
BP1590,oda 2_vc,1.5
BP1590,oda 3_vc,2.2
BP1590,oda 4_vc,2.4
BP1590,oda 5_vc,2.4
BP1590,oda 6_vc,3.2
BP1590,oda 1_trip,800
BP1590,oda 2_trip,1300
BP1590,oda 3_trip,2000
BP1590,oda 4_trip,2200
BP1590,oda 5_trip,3400
BP1590,oda 6_trip,3700
BP1591,oda 1_vc,1.3
BP1591,oda 2_vc,2.4
BP1591,oda 3_vc,2.1
BP1591,oda 4_vc,2.3
BP1591,oda 5_vc,2.3
BP1591,oda 6_vc,2.7
BP1591,oda 1_trip,1000
BP1591,oda 2_trip,1400
BP1591,oda 3_trip,1800
BP1591,oda 4_trip,2300
BP1591,oda 5_trip,3100
BP1591,oda 6_trip,3900
BP1595,oda 1_vc,1.4
BP1595,oda 2_vc,2.1
BP1595,oda 3_vc,2
BP1595,oda 4_vc,2.4
BP1595,oda 5_vc,2.4
BP1595,oda 6_vc,3.2
BP1595,oda 1_trip,1000
BP1595,oda 2_trip,1400
BP1595,oda 3_trip,2000
BP1595,oda 4_trip,2500
BP1595,oda 5_trip,3200
BP1595,oda 6_trip,3800
BP1596,oda 1_vc,1.9
BP1596,oda 2_vc,2.4
BP1596,oda 3_vc,3
BP1596,oda 4_vc,2.8
BP1596,oda 5_vc,2.8
BP1596,oda 6_vc,2.9
BP1596,oda 1_trip,900
BP1596,oda 2_trip,1300
BP1596,oda 3_trip,1900
BP1596,oda 4_trip,2500
BP1596,oda 5_trip,2800
BP1596,oda 6_trip,4000
BP1597,oda 1_vc,1.7
BP1597,oda 2_vc,2.1
BP1597,oda 3_vc,2.8
BP1597,oda 4_vc,2.3
BP1597,oda 5_vc,2.3
BP1597,oda 6_vc,2.8
BP1597,oda 1_trip,1000
BP1597,oda 2_trip,1300
BP1597,oda 3_trip,1900
BP1597,oda 4_trip,2400
BP1597,oda 5_trip,3000
BP1597,oda 6_trip,3500
BP1599,oda 1_vc,1.5
BP1599,oda 2_vc,2.1
BP1599,oda 3_vc,2.6
BP1599,oda 4_vc,2.6
BP1599,oda 5_vc,2.6
BP1599,oda 6_vc,3.2
BP1599,oda 1_trip,1000
BP1599,oda 2_trip,1400
BP1599,oda 3_trip,2000
BP1599,oda 4_trip,2400
BP1599,oda 5_trip,3100
BP1599,oda 6_trip,4000
BP1600,oda 1_vc,1.7
BP1600,oda 2_vc,1.7
BP1600,oda 3_vc,2.8
BP1600,oda 4_vc,2.2
BP1600,oda 5_vc,2.2
BP1600,oda 6_vc,2.6
BP1600,oda 1_trip,900
BP1600,oda 2_trip,1400
BP1600,oda 3_trip,2000
BP1600,oda 4_trip,2200
BP1600,oda 5_trip,3300
BP1600,oda 6_trip,4000
BP1602,oda 1_vc,1.9
BP1602,oda 2_vc,2
BP1602,oda 3_vc,2.3
BP1602,oda 4_vc,2.5
BP1602,oda 5_vc,2.5
BP1602,oda 6_vc,3.3
BP1602,oda 1_trip,1000
BP1602,oda 2_trip,1400
BP1602,oda 3_trip,1700
BP1602,oda 4_trip,2300
BP1602,oda 5_trip,3300
BP1602,oda 6_trip,4500
BP1603,oda 1_vc,1.8
BP1603,oda 2_vc,2.4
BP1603,oda 3_vc,2.4
BP1603,oda 4_vc,2.8
BP1603,oda 5_vc,2.8
BP1603,oda 6_vc,3.2
BP1603,oda 1_trip,1000
BP1603,oda 2_trip,1400
BP1603,oda 3_trip,1700
BP1603,oda 4_trip,2200
BP1603,oda 5_trip,3100
BP1603,oda 6_trip,3500
BP1604,oda 1_vc,1.6
BP1604,oda 2_vc,1.7
BP1604,oda 3_vc,2.8
BP1604,oda 4_vc,2.8
BP1604,oda 5_vc,2.8
BP1604,oda 6_vc,3
BP1604,oda 1_trip,1000
BP1604,oda 2_trip,1300
BP1604,oda 3_trip,1700
BP1604,oda 4_trip,2200
BP1604,oda 5_trip,3100
BP1604,oda 6_trip,3800
BP1605,oda 1_vc,1.5
BP1605,oda 2_vc,1.7
BP1605,oda 3_vc,2.6
BP1605,oda 4_vc,2.8
BP1605,oda 5_vc,2.8
BP1605,oda 6_vc,2.7
BP1605,oda 1_trip,900
BP1605,oda 2_trip,1400
BP1605,oda 3_trip,1900
BP1605,oda 4_trip,2300
BP1605,oda 5_trip,3300
BP1605,oda 6_trip,3900
BP1606,oda 1_vc,1.1
BP1606,oda 2_vc,2.3
BP1606,oda 3_vc,2.5
BP1606,oda 4_vc,2.1
BP1606,oda 5_vc,2.1
BP1606,oda 6_vc,3.1
BP1606,oda 1_trip,800
BP1606,oda 2_trip,1200
BP1606,oda 3_trip,1800
BP1606,oda 4_trip,2200
BP1606,oda 5_trip,2800
BP1606,oda 6_trip,4600
BP1607,oda 1_vc,1.3
BP1607,oda 2_vc,1.8
BP1607,oda 3_vc,2.7
BP1607,oda 4_vc,2.3
BP1607,oda 5_vc,2.3
BP1607,oda 6_vc,3.3
BP1607,oda 1_trip,800
BP1607,oda 2_trip,1400
BP1607,oda 3_trip,1700
BP1607,oda 4_trip,2600
BP1607,oda 5_trip,3400
BP1607,oda 6_trip,3700
BP1608,oda 1_vc,1.5
BP1608,oda 2_vc,1.9
BP1608,oda 3_vc,2.3
BP1608,oda 4_vc,2.5
BP1608,oda 5_vc,2.5
BP1608,oda 6_vc,3.2
BP1608,oda 1_trip,1000
BP1608,oda 2_trip,1200
BP1608,oda 3_trip,2000
BP1608,oda 4_trip,2600
BP1608,oda 5_trip,3000
BP1608,oda 6_trip,4100
BP1613,oda 1_vc,1.9
BP1613,oda 2_vc,2.3
BP1613,oda 3_vc,2.5
BP1613,oda 4_vc,2.7
BP1613,oda 5_vc,2.7
BP1613,oda 6_vc,2.6
BP1613,oda 1_trip,1000
BP1613,oda 2_trip,1400
BP1613,oda 3_trip,2000
BP1613,oda 4_trip,2300
BP1613,oda 5_trip,3400
BP1613,oda 6_trip,3700
BP1614,oda 1_vc,1.6
BP1614,oda 2_vc,2.2
BP1614,oda 3_vc,2.3
BP1614,oda 4_vc,2.2
BP1614,oda 5_vc,2.2
BP1614,oda 6_vc,2.8
BP1614,oda 1_trip,1000
BP1614,oda 2_trip,1400
BP1614,oda 3_trip,1800
BP1614,oda 4_trip,2300
BP1614,oda 5_trip,3000
BP1614,oda 6_trip,4400
BP1616,oda 1_vc,1.8
BP1616,oda 2_vc,2.3
BP1616,oda 3_vc,2.9
BP1616,oda 4_vc,2.7
BP1616,oda 5_vc,2.7
BP1616,oda 6_vc,2.8
BP1616,oda 1_trip,1000
BP1616,oda 2_trip,1300
BP1616,oda 3_trip,1700
BP1616,oda 4_trip,2500
BP1616,oda 5_trip,3100
BP1616,oda 6_trip,3900
BP1617,oda 1_vc,1.3
BP1617,oda 2_vc,1.8
BP1617,oda 3_vc,2.7
BP1617,oda 4_vc,2.7
BP1617,oda 5_vc,2.7
BP1617,oda 6_vc,3.4
BP1617,oda 1_trip,900
BP1617,oda 2_trip,1400
BP1617,oda 3_trip,2000
BP1617,oda 4_trip,2400
BP1617,oda 5_trip,3200
BP1617,oda 6_trip,4600
BP1621,oda 1_vc,1.4
BP1621,oda 2_vc,1.7
BP1621,oda 3_vc,2.7
BP1621,oda 4_vc,2.3
BP1621,oda 5_vc,2.3
BP1621,oda 6_vc,2.7
BP1621,oda 1_trip,1000
BP1621,oda 2_trip,1400
BP1621,oda 3_trip,2000
BP1621,oda 4_trip,2500
BP1621,oda 5_trip,2800
BP1621,oda 6_trip,4300
BP1622,oda 1_vc,1.4
BP1622,oda 2_vc,1.8
BP1622,oda 3_vc,2.7
BP1622,oda 4_vc,2
BP1622,oda 5_vc,2
BP1622,oda 6_vc,2.9
BP1622,oda 1_trip,800
BP1622,oda 2_trip,1400
BP1622,oda 3_trip,2000
BP1622,oda 4_trip,2600
BP1622,oda 5_trip,3100
BP1622,oda 6_trip,4200
BP1623,oda 1_vc,1.2
BP1623,oda 2_vc,1.6
BP1623,oda 3_vc,2.1
BP1623,oda 4_vc,2.8
BP1623,oda 5_vc,2.8
BP1623,oda 6_vc,2.7
BP1623,oda 1_trip,900
BP1623,oda 2_trip,1400
BP1623,oda 3_trip,2000
BP1623,oda 4_trip,2400
BP1623,oda 5_trip,2800
BP1623,oda 6_trip,4600
BP1628,oda 1_vc,1.5
BP1628,oda 2_vc,2.1
BP1628,oda 3_vc,2.3
BP1628,oda 4_vc,2.8
BP1628,oda 5_vc,2.8
BP1628,oda 6_vc,3.4
BP1628,oda 1_trip,800
BP1628,oda 2_trip,1400
BP1628,oda 3_trip,1900
BP1628,oda 4_trip,2500
BP1628,oda 5_trip,3100
BP1628,oda 6_trip,3600
BP1629,oda 1_vc,1.5
BP1629,oda 2_vc,1.9
BP1629,oda 3_vc,2.1
BP1629,oda 4_vc,2.8
BP1629,oda 5_vc,2.8
BP1629,oda 6_vc,2.8
BP1629,oda 1_trip,800
BP1629,oda 2_trip,1300
BP1629,oda 3_trip,1900
BP1629,oda 4_trip,2300
BP1629,oda 5_trip,3400
BP1629,oda 6_trip,3600
BP1630,oda 1_vc,1.3
BP1630,oda 2_vc,2
BP1630,oda 3_vc,2.3
BP1630,oda 4_vc,2.3
BP1630,oda 5_vc,2.3
BP1630,oda 6_vc,3.5
BP1630,oda 1_trip,900
BP1630,oda 2_trip,1400
BP1630,oda 3_trip,2000
BP1630,oda 4_trip,2400
BP1630,oda 5_trip,3100
BP1630,oda 6_trip,4400
BP1633,oda 1_vc,1.5
BP1633,oda 2_vc,2.3
BP1633,oda 3_vc,2.6
BP1633,oda 4_vc,2.7
BP1633,oda 5_vc,2.7
BP1633,oda 6_vc,2.5
BP1633,oda 1_trip,1000
BP1633,oda 2_trip,1200
BP1633,oda 3_trip,1900
BP1633,oda 4_trip,2400
BP1633,oda 5_trip,3000
BP1633,oda 6_trip,3800
BP1634,oda 1_vc,1.9
BP1634,oda 2_vc,1.6
BP1634,oda 3_vc,2.5
BP1634,oda 4_vc,2
BP1634,oda 5_vc,2
BP1634,oda 6_vc,2.7
BP1634,oda 1_trip,900
BP1634,oda 2_trip,1400
BP1634,oda 3_trip,1700
BP1634,oda 4_trip,2500
BP1634,oda 5_trip,3400
BP1634,oda 6_trip,3700
BP1637,oda 1_vc,1.4
BP1637,oda 2_vc,2.4
BP1637,oda 3_vc,2.3
BP1637,oda 4_vc,2.9
BP1637,oda 5_vc,2.9
BP1637,oda 6_vc,2.6
BP1637,oda 1_trip,1000
BP1637,oda 2_trip,1200
BP1637,oda 3_trip,2000
BP1637,oda 4_trip,2400
BP1637,oda 5_trip,3300
BP1637,oda 6_trip,3900
BP1638,oda 1_vc,1.8
BP1638,oda 2_vc,1.8
BP1638,oda 3_vc,2.8
BP1638,oda 4_vc,2.9
BP1638,oda 5_vc,2.9
BP1638,oda 6_vc,3.1
BP1638,oda 1_trip,800
BP1638,oda 2_trip,1300
BP1638,oda 3_trip,2000
BP1638,oda 4_trip,2400
BP1638,oda 5_trip,3400
BP1638,oda 6_trip,4000
BP1642,oda 1_vc,1.2
BP1642,oda 2_vc,1.7
BP1642,oda 3_vc,3
BP1642,oda 4_vc,2.4
BP1642,oda 5_vc,2.4
BP1642,oda 6_vc,2.9
BP1642,oda 1_trip,800
BP1642,oda 2_trip,1300
BP1642,oda 3_trip,1800
BP1642,oda 4_trip,2300
BP1642,oda 5_trip,3000
BP1642,oda 6_trip,4500
BP1643,oda 1_vc,1.9
BP1643,oda 2_vc,2.1
BP1643,oda 3_vc,2.6
BP1643,oda 4_vc,2.8
BP1643,oda 5_vc,2.8
BP1643,oda 6_vc,3.5
BP1643,oda 1_trip,800
BP1643,oda 2_trip,1400
BP1643,oda 3_trip,2000
BP1643,oda 4_trip,2600
BP1643,oda 5_trip,3000
BP1643,oda 6_trip,3900
BP1645,oda 1_vc,1.2
BP1645,oda 2_vc,2.3
BP1645,oda 3_vc,2.2
BP1645,oda 4_vc,2.7
BP1645,oda 5_vc,2.7
BP1645,oda 6_vc,2.8
BP1645,oda 1_trip,1000
BP1645,oda 2_trip,1400
BP1645,oda 3_trip,1800
BP1645,oda 4_trip,2200
BP1645,oda 5_trip,3000
BP1645,oda 6_trip,3700
BP1646,oda 1_vc,1.1
BP1646,oda 2_vc,1.6
BP1646,oda 3_vc,2.9
BP1646,oda 4_vc,2.4
BP1646,oda 5_vc,2.4
BP1646,oda 6_vc,2.6
BP1646,oda 1_trip,800
BP1646,oda 2_trip,1300
BP1646,oda 3_trip,1700
BP1646,oda 4_trip,2300
BP1646,oda 5_trip,3400
BP1646,oda 6_trip,3600
BP1647,oda 1_vc,1.4
BP1647,oda 2_vc,1.8
BP1647,oda 3_vc,2.8
BP1647,oda 4_vc,2.6
BP1647,oda 5_vc,2.6
BP1647,oda 6_vc,2.9
BP1647,oda 1_trip,800
BP1647,oda 2_trip,1300
BP1647,oda 3_trip,1700
BP1647,oda 4_trip,2300
BP1647,oda 5_trip,3100
BP1647,oda 6_trip,4000
BP1648,oda 1_vc,1.5
BP1648,oda 2_vc,2.3
BP1648,oda 3_vc,2.6
BP1648,oda 4_vc,2.1
BP1648,oda 5_vc,2.1
BP1648,oda 6_vc,2.9
BP1648,oda 1_trip,1000
BP1648,oda 2_trip,1300
BP1648,oda 3_trip,1900
BP1648,oda 4_trip,2200
BP1648,oda 5_trip,3300
BP1648,oda 6_trip,4200
BP1650,oda 1_vc,1.7
BP1650,oda 2_vc,2.5
BP1650,oda 3_vc,2
BP1650,oda 4_vc,2.6
BP1650,oda 5_vc,2.6
BP1650,oda 6_vc,2.9
BP1650,oda 1_trip,900
BP1650,oda 2_trip,1200
BP1650,oda 3_trip,1900
BP1650,oda 4_trip,2400
BP1650,oda 5_trip,2800
BP1650,oda 6_trip,4000
BP1653,oda 1_vc,1.5
BP1653,oda 2_vc,2.1
BP1653,oda 3_vc,2.8
BP1653,oda 4_vc,2.6
BP1653,oda 5_vc,2.6
BP1653,oda 6_vc,2.6
BP1653,oda 1_trip,900
BP1653,oda 2_trip,1200
BP1653,oda 3_trip,1700
BP1653,oda 4_trip,2400
BP1653,oda 5_trip,3100
BP1653,oda 6_trip,3900
BP1654,oda 1_vc,1.1
BP1654,oda 2_vc,2
BP1654,oda 3_vc,2.2
BP1654,oda 4_vc,2.9
BP1654,oda 5_vc,2.9
BP1654,oda 6_vc,3.5
BP1654,oda 1_trip,900
BP1654,oda 2_trip,1400
BP1654,oda 3_trip,2000
BP1654,oda 4_trip,2600
BP1654,oda 5_trip,3200
BP1654,oda 6_trip,4600
BP1655,oda 1_vc,1.9
BP1655,oda 2_vc,2.2
BP1655,oda 3_vc,2.9
BP1655,oda 4_vc,2.3
BP1655,oda 5_vc,2.3
BP1655,oda 6_vc,2.7
BP1655,oda 1_trip,800
BP1655,oda 2_trip,1200
BP1655,oda 3_trip,1800
BP1655,oda 4_trip,2600
BP1655,oda 5_trip,2800
BP1655,oda 6_trip,4200
BP1657,oda 1_vc,1.2
BP1657,oda 2_vc,1.7
BP1657,oda 3_vc,2.4
BP1657,oda 4_vc,2.5
BP1657,oda 5_vc,2.5
BP1657,oda 6_vc,3.1
BP1657,oda 1_trip,800
BP1657,oda 2_trip,1400
BP1657,oda 3_trip,1900
BP1657,oda 4_trip,2400
BP1657,oda 5_trip,3000
BP1657,oda 6_trip,4100
BP1659,oda 1_vc,1.3
BP1659,oda 2_vc,1.8
BP1659,oda 3_vc,2.9
BP1659,oda 4_vc,2.3
BP1659,oda 5_vc,2.3
BP1659,oda 6_vc,3
BP1659,oda 1_trip,900
BP1659,oda 2_trip,1300
BP1659,oda 3_trip,1700
BP1659,oda 4_trip,2200
BP1659,oda 5_trip,3100
BP1659,oda 6_trip,4300
BP1661,oda 1_vc,1.5
BP1661,oda 2_vc,2.3
BP1661,oda 3_vc,2.3
BP1661,oda 4_vc,3
BP1661,oda 5_vc,3
BP1661,oda 6_vc,3.1
BP1661,oda 1_trip,900
BP1661,oda 2_trip,1400
BP1661,oda 3_trip,1700
BP1661,oda 4_trip,2500
BP1661,oda 5_trip,3000
BP1661,oda 6_trip,4000
BP1663,oda 1_vc,2
BP1663,oda 2_vc,1.6
BP1663,oda 3_vc,2.7
BP1663,oda 4_vc,2.7
BP1663,oda 5_vc,2.7
BP1663,oda 6_vc,2.8
BP1663,oda 1_trip,800
BP1663,oda 2_trip,1400
BP1663,oda 3_trip,2000
BP1663,oda 4_trip,2400
BP1663,oda 5_trip,2900
BP1663,oda 6_trip,4300
BP1668,oda 1_vc,1.9
BP1668,oda 2_vc,2.3
BP1668,oda 3_vc,2.9
BP1668,oda 4_vc,2.9
BP1668,oda 5_vc,2.9
BP1668,oda 6_vc,3.1
BP1668,oda 1_trip,900
BP1668,oda 2_trip,1300
BP1668,oda 3_trip,1800
BP1668,oda 4_trip,2400
BP1668,oda 5_trip,3200
BP1668,oda 6_trip,4300
BP1669,oda 1_vc,1.5
BP1669,oda 2_vc,1.9
BP1669,oda 3_vc,2.6
BP1669,oda 4_vc,2.1
BP1669,oda 5_vc,2.1
BP1669,oda 6_vc,3.5
BP1669,oda 1_trip,900
BP1669,oda 2_trip,1300
BP1669,oda 3_trip,1700
BP1669,oda 4_trip,2200
BP1669,oda 5_trip,3100
BP1669,oda 6_trip,4500
BP1671,oda 1_vc,1.3
BP1671,oda 2_vc,2.1
BP1671,oda 3_vc,2.1
BP1671,oda 4_vc,2.2
BP1671,oda 5_vc,2.2
BP1671,oda 6_vc,2.8
BP1671,oda 1_trip,900
BP1671,oda 2_trip,1400
BP1671,oda 3_trip,1800
BP1671,oda 4_trip,2400
BP1671,oda 5_trip,3400
BP1671,oda 6_trip,4300
BP1672,oda 1_vc,1.4
BP1672,oda 2_vc,2.1
BP1672,oda 3_vc,2.5
BP1672,oda 4_vc,2.1
BP1672,oda 5_vc,2.1
BP1672,oda 6_vc,3.3
BP1672,oda 1_trip,1000
BP1672,oda 2_trip,1200
BP1672,oda 3_trip,1800
BP1672,oda 4_trip,2600
BP1672,oda 5_trip,3000
BP1672,oda 6_trip,3900
BP1673,oda 1_vc,1.4
BP1673,oda 2_vc,2.4
BP1673,oda 3_vc,2.2
BP1673,oda 4_vc,2.2
BP1673,oda 5_vc,2.2
BP1673,oda 6_vc,3.3
BP1673,oda 1_trip,800
BP1673,oda 2_trip,1200
BP1673,oda 3_trip,1700
BP1673,oda 4_trip,2600
BP1673,oda 5_trip,3400
BP1673,oda 6_trip,4300
BP1674,oda 1_vc,1.6
BP1674,oda 2_vc,2.1
BP1674,oda 3_vc,2.3
BP1674,oda 4_vc,2.2
BP1674,oda 5_vc,2.2
BP1674,oda 6_vc,2.9
BP1674,oda 1_trip,900
BP1674,oda 2_trip,1300
BP1674,oda 3_trip,1700
BP1674,oda 4_trip,2200
BP1674,oda 5_trip,3200
BP1674,oda 6_trip,3500
BP1675,oda 1_vc,1.1
BP1675,oda 2_vc,2.5
BP1675,oda 3_vc,2
BP1675,oda 4_vc,2.3
BP1675,oda 5_vc,2.3
BP1675,oda 6_vc,2.7
BP1675,oda 1_trip,900
BP1675,oda 2_trip,1200
BP1675,oda 3_trip,2000
BP1675,oda 4_trip,2200
BP1675,oda 5_trip,2900
BP1675,oda 6_trip,4200
BP1676,oda 1_vc,1
BP1676,oda 2_vc,1.6
BP1676,oda 3_vc,2.2
BP1676,oda 4_vc,2.3
BP1676,oda 5_vc,2.3
BP1676,oda 6_vc,2.9
BP1676,oda 1_trip,900
BP1676,oda 2_trip,1300
BP1676,oda 3_trip,1900
BP1676,oda 4_trip,2200
BP1676,oda 5_trip,2800
BP1676,oda 6_trip,3500
BP1677,oda 1_vc,1.6
BP1677,oda 2_vc,1.6
BP1677,oda 3_vc,2.1
BP1677,oda 4_vc,2.9
BP1677,oda 5_vc,2.9
BP1677,oda 6_vc,2.9
BP1677,oda 1_trip,1000
BP1677,oda 2_trip,1400
BP1677,oda 3_trip,1800
BP1677,oda 4_trip,2300
BP1677,oda 5_trip,3000
BP1677,oda 6_trip,3900
BP1678,oda 1_vc,2
BP1678,oda 2_vc,2
BP1678,oda 3_vc,2
BP1678,oda 4_vc,2.1
BP1678,oda 5_vc,2.1
BP1678,oda 6_vc,2.6
BP1678,oda 1_trip,900
BP1678,oda 2_trip,1400
BP1678,oda 3_trip,1800
BP1678,oda 4_trip,2500
BP1678,oda 5_trip,3300
BP1678,oda 6_trip,4600
BP1681,oda 1_vc,1.2
BP1681,oda 2_vc,1.6
BP1681,oda 3_vc,2.6
BP1681,oda 4_vc,2.7
BP1681,oda 5_vc,2.7
BP1681,oda 6_vc,3.5
BP1681,oda 1_trip,800
BP1681,oda 2_trip,1400
BP1681,oda 3_trip,1800
BP1681,oda 4_trip,2500
BP1681,oda 5_trip,3100
BP1681,oda 6_trip,3800
BP1684,oda 1_vc,1.7
BP1684,oda 2_vc,2
BP1684,oda 3_vc,2.3
BP1684,oda 4_vc,2.8
BP1684,oda 5_vc,2.8
BP1684,oda 6_vc,3
BP1684,oda 1_trip,800
BP1684,oda 2_trip,1300
BP1684,oda 3_trip,1700
BP1684,oda 4_trip,2400
BP1684,oda 5_trip,3000
BP1684,oda 6_trip,4300
BP1685,oda 1_vc,1.9
BP1685,oda 2_vc,2.4
BP1685,oda 3_vc,2.9
BP1685,oda 4_vc,2.7
BP1685,oda 5_vc,2.7
BP1685,oda 6_vc,2.8
BP1685,oda 1_trip,1000
BP1685,oda 2_trip,1200
BP1685,oda 3_trip,1800
BP1685,oda 4_trip,2300
BP1685,oda 5_trip,2900
BP1685,oda 6_trip,4400
BP1693,oda 1_vc,1.1
BP1693,oda 2_vc,2.3
BP1693,oda 3_vc,3
BP1693,oda 4_vc,2.8
BP1693,oda 5_vc,2.8
BP1693,oda 6_vc,3.1
BP1693,oda 1_trip,800
BP1693,oda 2_trip,1400
BP1693,oda 3_trip,1800
BP1693,oda 4_trip,2200
BP1693,oda 5_trip,3300
BP1693,oda 6_trip,4600
BP1697,oda 1_vc,1.4
BP1697,oda 2_vc,2
BP1697,oda 3_vc,2.8
BP1697,oda 4_vc,2.1
BP1697,oda 5_vc,2.1
BP1697,oda 6_vc,3.2
BP1697,oda 1_trip,1000
BP1697,oda 2_trip,1300
BP1697,oda 3_trip,1800
BP1697,oda 4_trip,2600
BP1697,oda 5_trip,3400
BP1697,oda 6_trip,3800
BP1699,oda 1_vc,1.9
BP1699,oda 2_vc,1.9
BP1699,oda 3_vc,2.3
BP1699,oda 4_vc,2.5
BP1699,oda 5_vc,2.5
BP1699,oda 6_vc,3
BP1699,oda 1_trip,900
BP1699,oda 2_trip,1400
BP1699,oda 3_trip,1800
BP1699,oda 4_trip,2600
BP1699,oda 5_trip,3400
BP1699,oda 6_trip,4300
BP1702,oda 1_vc,1.8
BP1702,oda 2_vc,1.9
BP1702,oda 3_vc,2.1
BP1702,oda 4_vc,2.6
BP1702,oda 5_vc,2.6
BP1702,oda 6_vc,2.5
BP1702,oda 1_trip,900
BP1702,oda 2_trip,1400
BP1702,oda 3_trip,2000
BP1702,oda 4_trip,2200
BP1702,oda 5_trip,2900
BP1702,oda 6_trip,4200
BP1703,oda 1_vc,1.3
BP1703,oda 2_vc,2.3
BP1703,oda 3_vc,2.2
BP1703,oda 4_vc,2.3
BP1703,oda 5_vc,2.3
BP1703,oda 6_vc,2.9
BP1703,oda 1_trip,800
BP1703,oda 2_trip,1200
BP1703,oda 3_trip,1700
BP1703,oda 4_trip,2600
BP1703,oda 5_trip,3300
BP1703,oda 6_trip,4100
BP1705,oda 1_vc,1.9
BP1705,oda 2_vc,2.3
BP1705,oda 3_vc,2.5
BP1705,oda 4_vc,2.9
BP1705,oda 5_vc,2.9
BP1705,oda 6_vc,3.5
BP1705,oda 1_trip,1000
BP1705,oda 2_trip,1200
BP1705,oda 3_trip,1700
BP1705,oda 4_trip,2200
BP1705,oda 5_trip,2800
BP1705,oda 6_trip,4300
BP1706,oda 1_vc,1.1
BP1706,oda 2_vc,2.2
BP1706,oda 3_vc,2.6
BP1706,oda 4_vc,2.7
BP1706,oda 5_vc,2.7
BP1706,oda 6_vc,2.9
BP1706,oda 1_trip,800
BP1706,oda 2_trip,1300
BP1706,oda 3_trip,2000
BP1706,oda 4_trip,2200
BP1706,oda 5_trip,3300
BP1706,oda 6_trip,4400
BP1707,oda 1_vc,1.9
BP1707,oda 2_vc,2
BP1707,oda 3_vc,2.2
BP1707,oda 4_vc,2.3
BP1707,oda 5_vc,2.3
BP1707,oda 6_vc,3.1
BP1707,oda 1_trip,900
BP1707,oda 2_trip,1400
BP1707,oda 3_trip,2000
BP1707,oda 4_trip,2300
BP1707,oda 5_trip,3100
BP1707,oda 6_trip,4400
BP1709,oda 1_vc,1.5
BP1709,oda 2_vc,1.7
BP1709,oda 3_vc,2.9
BP1709,oda 4_vc,2.2
BP1709,oda 5_vc,2.2
BP1709,oda 6_vc,3
BP1709,oda 1_trip,900
BP1709,oda 2_trip,1400
BP1709,oda 3_trip,2000
BP1709,oda 4_trip,2200
BP1709,oda 5_trip,2900
BP1709,oda 6_trip,4100
BP1710,oda 1_vc,1.8
BP1710,oda 2_vc,2.4
BP1710,oda 3_vc,2.7
BP1710,oda 4_vc,2.9
BP1710,oda 5_vc,2.9
BP1710,oda 6_vc,2.8
BP1710,oda 1_trip,800
BP1710,oda 2_trip,1200
BP1710,oda 3_trip,1800
BP1710,oda 4_trip,2200
BP1710,oda 5_trip,3300
BP1710,oda 6_trip,4100
BP1711,oda 1_vc,2
BP1711,oda 2_vc,1.7
BP1711,oda 3_vc,2.8
BP1711,oda 4_vc,2.7
BP1711,oda 5_vc,2.7
BP1711,oda 6_vc,3.3
BP1711,oda 1_trip,900
BP1711,oda 2_trip,1300
BP1711,oda 3_trip,2000
BP1711,oda 4_trip,2200
BP1711,oda 5_trip,3400
BP1711,oda 6_trip,3800
BP1713,oda 1_vc,2
BP1713,oda 2_vc,1.6
BP1713,oda 3_vc,2.5
BP1713,oda 4_vc,2.4
BP1713,oda 5_vc,2.4
BP1713,oda 6_vc,2.7
BP1713,oda 1_trip,800
BP1713,oda 2_trip,1300
BP1713,oda 3_trip,1800
BP1713,oda 4_trip,2600
BP1713,oda 5_trip,3400
BP1713,oda 6_trip,3500
BP1714,oda 1_vc,1.1
BP1714,oda 2_vc,1.8
BP1714,oda 3_vc,2.4
BP1714,oda 4_vc,2.8
BP1714,oda 5_vc,2.8
BP1714,oda 6_vc,3.1
BP1714,oda 1_trip,800
BP1714,oda 2_trip,1400
BP1714,oda 3_trip,2000
BP1714,oda 4_trip,2500
BP1714,oda 5_trip,3200
BP1714,oda 6_trip,3800
BP1716,oda 1_vc,1.1
BP1716,oda 2_vc,2.3
BP1716,oda 3_vc,2.9
BP1716,oda 4_vc,2.9
BP1716,oda 5_vc,2.9
BP1716,oda 6_vc,2.9
BP1716,oda 1_trip,900
BP1716,oda 2_trip,1400
BP1716,oda 3_trip,1900
BP1716,oda 4_trip,2400
BP1716,oda 5_trip,2900
BP1716,oda 6_trip,4600
BP1718,oda 1_vc,1.2
BP1718,oda 2_vc,1.9
BP1718,oda 3_vc,2.3
BP1718,oda 4_vc,2
BP1718,oda 5_vc,2
BP1718,oda 6_vc,3.5
BP1718,oda 1_trip,1000
BP1718,oda 2_trip,1300
BP1718,oda 3_trip,1800
BP1718,oda 4_trip,2600
BP1718,oda 5_trip,2900
BP1718,oda 6_trip,4500
BP1719,oda 1_vc,1.9
BP1719,oda 2_vc,1.9
BP1719,oda 3_vc,2.4
BP1719,oda 4_vc,2.4
BP1719,oda 5_vc,2.4
BP1719,oda 6_vc,3.5
BP1719,oda 1_trip,900
BP1719,oda 2_trip,1300
BP1719,oda 3_trip,1700
BP1719,oda 4_trip,2400
BP1719,oda 5_trip,2800
BP1719,oda 6_trip,3600
BP1720,oda 1_vc,1.9
BP1720,oda 2_vc,1.6
BP1720,oda 3_vc,2.8
BP1720,oda 4_vc,2.5
BP1720,oda 5_vc,2.5
BP1720,oda 6_vc,2.9
BP1720,oda 1_trip,900
BP1720,oda 2_trip,1300
BP1720,oda 3_trip,1800
BP1720,oda 4_trip,2200
BP1720,oda 5_trip,2800
BP1720,oda 6_trip,3600
BP1723,oda 1_vc,1.8
BP1723,oda 2_vc,2.3
BP1723,oda 3_vc,2.8
BP1723,oda 4_vc,2.8
BP1723,oda 5_vc,2.8
BP1723,oda 6_vc,3.4
BP1723,oda 1_trip,1000
BP1723,oda 2_trip,1400
BP1723,oda 3_trip,1900
BP1723,oda 4_trip,2400
BP1723,oda 5_trip,3000
BP1723,oda 6_trip,4100
BP1724,oda 1_vc,1.6
BP1724,oda 2_vc,2.2
BP1724,oda 3_vc,2.2
BP1724,oda 4_vc,3
BP1724,oda 5_vc,3
BP1724,oda 6_vc,3.1
BP1724,oda 1_trip,1100
BP1724,oda 2_trip,1300
BP1724,oda 3_trip,1800
BP1724,oda 4_trip,2300
BP1724,oda 5_trip,3000
BP1724,oda 6_trip,4000
BP1738,oda 1_vc,1.2
BP1738,oda 2_vc,1.8
BP1738,oda 3_vc,2.4
BP1738,oda 4_vc,2.9
BP1738,oda 5_vc,2.9
BP1738,oda 6_vc,2.6
BP1738,oda 1_trip,1000
BP1738,oda 2_trip,1300
BP1738,oda 3_trip,1900
BP1738,oda 4_trip,2300
BP1738,oda 5_trip,3100
BP1738,oda 6_trip,4600
